"Title","Genre(s)","Developer(s)","Publisher(s)","Release date","","","Addons","Ref."
"","","","","JP","","","NA","PAL"
"#Xmas, Super Puzzles Dream","Puzzle","e-llusiontertainment","e-llusiontertainment","Unreleased","Dec 22, 2022","Dec 22, 2022","",""
"0 Degrees",".mw-parser-output .hlist dl,.mw-parser-output .hlist ol,.mw-parser-output .hlist ul{margin:0;padding:0}.mw-parser-output .hlist dd,.mw-parser-output .hlist dt,.mw-parser-output .hlist li{margin:0;display:inline}.mw-parser-output .hlist.inline,.mw-parser-output .hlist.inline dl,.mw-parser-output .hlist.inline ol,.mw-parser-output .hlist.inline ul,.mw-parser-output .hlist dl dl,.mw-parser-output .hlist dl ol,.mw-parser-output .hlist dl ul,.mw-parser-output .hlist ol dl,.mw-parser-output .hlist ol ol,.mw-parser-output .hlist ol ul,.mw-parser-output .hlist ul dl,.mw-parser-output .hlist ul ol,.mw-parser-output .hlist ul ul{display:inline}.mw-parser-output .hlist .mw-empty-li{display:none}.mw-parser-output .hlist dt::after{content:"": ""}.mw-parser-output .hlist dd::after,.mw-parser-output .hlist li::after{content:"" · "";font-weight:bold}.mw-parser-output .hlist dd:last-child::after,.mw-parser-output .hlist dt:last-child::after,.mw-parser-output .hlist li:last-child::after{content:none}.mw-parser-output .hlist dd dd:first-child::before,.mw-parser-output .hlist dd dt:first-child::before,.mw-parser-output .hlist dd li:first-child::before,.mw-parser-output .hlist dt dd:first-child::before,.mw-parser-output .hlist dt dt:first-child::before,.mw-parser-output .hlist dt li:first-child::before,.mw-parser-output .hlist li dd:first-child::before,.mw-parser-output .hlist li dt:first-child::before,.mw-parser-output .hlist li li:first-child::before{content:"" ("";font-weight:normal}.mw-parser-output .hlist dd dd:last-child::after,.mw-parser-output .hlist dd dt:last-child::after,.mw-parser-output .hlist dd li:last-child::after,.mw-parser-output .hlist dt dd:last-child::after,.mw-parser-output .hlist dt dt:last-child::after,.mw-parser-output .hlist dt li:last-child::after,.mw-parser-output .hlist li dd:last-child::after,.mw-parser-output .hlist li dt:last-child::after,.mw-parser-output .hlist li li:last-child::after{content:"")"";font-weight:normal}.mw-parser-output .hlist ol{counter-reset:listitem}.mw-parser-output .hlist ol>li{counter-increment:listitem}.mw-parser-output .hlist ol>li::before{content:"" ""counter(listitem)""\a0 ""}.mw-parser-output .hlist dd ol>li:first-child::before,.mw-parser-output .hlist dt ol>li:first-child::before,.mw-parser-output .hlist li ol>li:first-child::before{content:"" (""counter(listitem)""\a0 ""}Actionpuzzle","Kiddo DevEast Asiasoft LimitedNerd Games","East Asiasoft Limited","Jun 13, 2022","Dec 30, 2021","Dec 30, 2021","",""
"171","Action-adventure","Betagames Group","QUByte Interactive","Q4 2024","Q4 2024","Q4 2024","",""
"2XKO","Fighting","Riot Games","Riot Games","2025","2025","2025","",""
"20 Bunnies","Actionpuzzle","EastAsiaSoftNerd Games","EastAsiaSoft","May 2, 2022","Nov 19, 2021","Nov 18, 2021","",""
"30 Sport Games in 1","Sports","Just for Games SAS","Maximum Ent France","May 11, 2023","May 11, 2023","May 11, 2023","",""
"3D Pool: Billiards & Snooker Remastered","Sports","Joindots","Joindots","Unreleased","Feb 19, 2021","Feb 19, 2021","",""
"Marvel 1943: Rise of Hydra","Action-adventure","Skydance New Media","Skydance New Media","2025","2025","2025","",""
"7 Days to Die","Survival horror","The Fun Pimps","The Fun Pimps","Unreleased","Jul 25, 2024","Jul 25, 2024","",""
"Abandoned","Survival horror","Blue Box Game Studios","Blue Box Game Studios","TBA","TBA","TBA","",""
"Aeterna Noctis","Metroidvania","Aeternum Game Studios","Aeternum Game Studios","Unreleased","Dec 15, 2021","Dec 15, 2021","","[3]"
"AEW Fight Forever","Sports","Yuke's","THQ NordicAEW Games","Jun 29, 2023","Jun 29, 2023","Jun 29, 2023","","[4]"
"Age of Wonders 4","Turn-based strategy","Triumph Studios","Paradox Interactive","Unreleased","May 2, 2023","May 2, 2023","","[5]"
"Alan Wake Remastered","Survival horror","Remedy Entertainment","Microsoft Game Studios","Oct 4, 2021","Oct 4, 2021","Oct 4, 2021","",""
"Alan Wake 2","Survival horror","Remedy Entertainment","Epic Games","Oct 27, 2023","Oct 27, 2023","Oct 27, 2023","",""
"Alex Kidd in Miracle World DX","Platform","Jankenteam","Merge Games","Jun 22, 2021","Jun 22, 2021","Jun 22, 2021","",""
"Alfred Hitchcock – Vertigo","Adventure","Pendulo Studios","Microids","Unreleased","Oct 4, 2022","Sep 27, 2022","",""
"Aliens","First-person shooter","Sabec Limited","Sabec Limited","Unreleased","Mar 31, 2021","Mar 31, 2021","",""
"Aliens: Fireteam Elite","Action-adventurethird-person shooter","Cold Iron Studios","Cold Iron Studios","Aug 24, 2021","Aug 24, 2021","Aug 24, 2021","",""
"Aliens: Dark Descent","Turn-based strategy","Tindalos Interactive","Focus Entertainment","Jun 20, 2023","Jun 20, 2023","Jun 20, 2023","",""
"Alice Gear Aegis CS: Concerto of Simulatrix","Action","Pyramid","MagesPQube (International version)","Sep 8, 2022","Mar 14, 2023","Mar 15, 2023","",""
"Among Us","Partysocial deduction","Innersloth","Innersloth","Dec 14, 2021","Dec 14, 2021","Dec 14, 2021","",""
"Animal Well","Platform","Billy Basso","Billy Basso","May 9, 2024","May 9, 2024","May 9, 2024","",""
"Anno 1800","Real-time strategy","Blue Byte","Ubisoft","Mar 16, 2023","Mar 16, 2023","Mar 16, 2023","","[6]"
"Avatar: The Last Airbender: Quest for Balance","Action-adventure","Bamtang Games","GameMill Entertainment","Unreleased","Sep 22, 2023","Sep 22, 2023","",""
"Anno: Mutationem","Action role-playing","ThinkingStars","ThinkingStars","Mar 16, 2022","Mar 16, 2022","Mar 16, 2022","","[7]"
"Anodyne 2: Return to Dust","Action-adventure","Analgesic Productions","Ratalaika Games","Unreleased","Feb 18, 2021","Feb 18, 2021","",""
"Apex Legends","Battle royalehero shooter","Respawn Entertainment","Electronic Arts","Mar 29, 2022","Mar 29, 2022","Mar 29, 2022","CP",""
"Apsulov: End of Gods","Horror","Angry Demon Studios","Digerati Distribution","Unreleased","Aug 27, 2021","Aug 27, 2021","",""
"Aragami 2","Action-adventurestealth","Lince Works","Lince Works","Sep 17, 2021","Sep 17, 2021","Sep 17, 2021","",""
"Arcadegeddon","Shooter","IllFonic","IllFonic","Jul 8, 2021","Jul 8, 2021","Jul 8, 2021","",""
"Armored Core VI: Fires of Rubicon","Mech","FromSoftware","Bandai Namco Entertainment","Aug 25, 2023","Aug 25, 2023","Aug 25, 2023","",""
"Arcade Paradise","Adventuresimulation","Nosebleed Interactive","Wired Productions","Aug 11, 2022","Aug 11, 2022","Aug 11, 2022","",""
"Archetype Arcadia","Visual novel","Water Phoenix","Kemco","Oct 21, 2021","Unreleased","Unreleased","","[8]"
"Arctic Awakening","Adventure","GoldFire Studios","GoldFire Studios","2024","2024","2024","",""
"Arrog","Adventure","Hermanos MagiaLeap Game Studios","nakana.io","Unreleased","Feb 5, 2021","Feb 5, 2021","","[9]"
"Art of Rally","Racing","Funselektor Labs","Funselektor Labs","Oct 6, 2021","Oct 6, 2021","Oct 6, 2021","",""
"The Artful Escape","Platform","Beethoven & Dinosaur","Annapurna Interactive","Jan 25, 2022","Jan 25, 2022","Jan 25, 2022","",""
"The Ascent","Action role-playing","Neon Giant","Curve Digital","Mar 24, 2022","Mar 24, 2022","Mar 24, 2022","",""
"Asphalt Legends Unite","Racing","Gameloft Barcelona","Gameloft","Jul 17, 2024","Jul 17, 2024","Jul 17, 2024","CP","[10]"
"Assassin's Creed Mirage","Action role-playing","Ubisoft Bordeaux","Ubisoft","Oct 5, 2023","Oct 5, 2023","Oct 5, 2023","CB",""
"Assassin's Creed Shadows","Action role-playing","Ubisoft Quebec","Ubisoft","Feb 14, 2025","Feb 14, 2025","Feb 14, 2025","",""
"Assassin's Creed Valhalla","Action role-playing","Ubisoft Montreal","Ubisoft","Nov 12, 2020","Nov 12, 2020","Nov 19, 2020","CB",""
"Assetto Corsa Competizione","Racing","Kunos Simulazioni","505 Games","Feb 24, 2022","Feb 24, 2022","Feb 24, 2022","",""
"Asterigos: Curse of the Stars","Action role-playing","Acme Gamestudio","Acme Gamestudio","Oct 11, 2022","Oct 11, 2022","Oct 11, 2022","","[11]"
"Asterix & Obelix: Slap Them All! 2","Fighting","Mr. Nutz Studio","Microids","Unreleased","Nov 14, 2023","Nov 14, 2023","",""
"Astria Ascending","Role-playing","Artisan Studios","Dear Villagers","Sep 30, 2021","Sep 30, 2021","Sep 30, 2021","",""
"Astro Bot","Platform","Team Asobi","Sony Interactive Entertainment","Sep 6, 2024","Sep 6, 2024","Sep 6, 2024","",""
"Astro's Playroom","3D platformer","Japan Studio","Sony Interactive Entertainment","Nov 12, 2020","Nov 12, 2020","Nov 19, 2020","",""
"Atelier Marie: The Alchemist of Salburg - Digital Deluxe Edition","Role-playing","Gust Co. Ltd.","Koei Tecmo","Jul 13, 2023","Jul 13, 2023","Jul 13, 2023","",""
"Atelier Ryza 2: Lost Legends & the Secret Fairy","Role-playing","Gust Co. Ltd.","Koei Tecmo","Dec 3, 2020","Jan 26, 2021","Jan 29, 2021","CB",""
"Atelier Ryza 3: Alchemist of the End & the Secret Key","Role-playing","Gust Co. Ltd.","Role-playing","Mar 23, 2023","Mar 23, 2023","Mar 23, 2023","",""
"Atelier Yumia: The Alchemist of Memories & the Envisioned Land","Role-playing","Gust Co. Ltd.","Koei Tecmo","Mar 31, 2025","Mar 31, 2025","Mar 31, 2025","",""
"Atomic Heart","First-person shooter","Mundfish","Mundfish","Feb 21, 2023","Feb 21, 2023","Feb 21, 2023","",""
"Auto Chess","Auto battler","Dragonest Game","Dragonest Game","Mar 30, 2021","Mar 30, 2021","Mar 30, 2021","",""
"Avatar: Frontiers of Pandora","Action-adventure","Massive Entertainment","Ubisoft","Dec 7, 2023","Dec 7, 2023","Dec 7, 2023","",""
"Marvel's Avengers","Action-adventure","Crystal Dynamics","Square Enix","Mar 18, 2021","Mar 18, 2021","Mar 18, 2021","CB   CP",""
"Axiom Verge 2","Metroidvania","Thomas Happ Games","Thomas Happ Games","Aug 9, 2022","Aug 9, 2022","Aug 9, 2022","",""
"Aztech: Forgotten Gods","Action-adventure","Lienzo","Lienzo","Mar 10, 2022","Mar 10, 2022","Mar 10, 2022","",""
"Babylon's Fall","Action","PlatinumGames","Square Enix","Mar 3, 2022","Mar 3, 2022","Mar 3, 2022","",""
"Back 4 Blood","First-person shootersurvival horror","Turtle Rock Studios","WB Games","Oct 12, 2021","Oct 12, 2021","Oct 12, 2021","CB",""
"Balan Wonderworld","3D platformer","Balan CompanyArzest","Square Enix","Mar 26, 2021","Mar 26, 2021","Mar 26, 2021","CB",""
"Balatro","Roguelike deck-building","LocalThunk","Playstack","Feb 20, 2024","Feb 20, 2024","Feb 20, 2024","",""
"Baldur's Gate III","Role-playing","Larian Studios","Larian Studios","Sep 6, 2023","Sep 6, 2023","Sep 6, 2023","",""
"Battlefield 2042","First-person shooter","DICE","Electronic Arts","Nov 19, 2021","Nov 19, 2021","Nov 19, 2021","CP",""
"Batora: Lost Haven","Action role-playing","Stormind Games","Team17","Oct 20, 2022","Oct 20, 2022","Oct 20, 2022","","[12]"
"Beyond Contact","Survival","Playcorp Studios","Deep Silver","TBA","TBA","TBA","","[13]"
"Beyond a Steel Sky","Adventure","Revolution Software","Revolution SoftwareMicroids","Nov 30, 2021","Nov 30, 2021","Nov 30, 2021","",""
"The Binding of Isaac: Repentance","Roguelike","Nicalis","Nicalis","Unreleased","Nov 4, 2021","Nov 4, 2021","",""
"Bluey: The Videogame","Action-adventure","Artax Games","Outright Games","Nov 17, 2023","Nov 17, 2023","Nov 17, 2023","",""
"Biomutant","Action role-playing","Experiment 101","THQ Nordic","Sep 6, 2022","Sep 6, 2022","Sep 6, 2022","",""
"Bang-On Balls: Chronicles","AdventureCasualAction","Exit Plan Games","Untold Tales","Mar 4, 2024","Mar 4, 2024","Mar 4, 2024","",""
"Black Legend","Turn-based strategy","Warcave","Warcave","Mar 25, 2021","Mar 25, 2021","Mar 25, 2021","","[14]"
"Black Myth: Wukong","Action role-playing","Game Science","Game Science","Aug 20, 2024","Aug 20, 2024","Aug 20, 2024","",""
"Blast Brigade vs. the Evil Legion of Dr. Cread","Action-adventureplatform","Allods Team Arcade","My.Games","Apr 13, 2022","Apr 13, 2022","Apr 13, 2022","","[15]"
"Blazing Strike","Fighting","RareBreed Makes Games","Aksys Games","TBA","TBA","TBA","","[16]"
"Blood Bowl 3","Sportsturn-based strategy","Cyanide","Nacon","Feb 23, 2023","Feb 23, 2023","Feb 23, 2023","",""
"BloodRayne Betrayal: Fresh Bites","Hack and slashplatform","WayForward","Ziggurat Interactive","Sep 9, 2021","Sep 9, 2021","Sep 9, 2021","","[17][18]"
"Borderlands 3","Action role-playingfirst-person shooter","Gearbox Software","2K","Nov 12, 2020","Nov 12, 2020","Nov 19, 2020","CB   CP",""
"Borderlands 4","Action role-playingfirst-person shooter","Gearbox Software","2K","2025","2025","2025","",""
"Braid Anniversary Edition","Puzzle-platformer","Thekla","Thekla","Apr 30, 2024","Apr 30, 2024","Apr 30, 2024","",""
"Bratz: Flaunt Your Fashion","Actionadventure","Petoons Studio","Outright Games","Nov 4, 2022","Nov 4, 2022","Nov 4, 2022","",""
"Breakout: Recharged","Puzzle","Adamvision StudiosSneakyBox","Atari","TBA","Feb 10, 2022","Feb 10, 2022","",""
"Bridge Constructor: The Walking Dead","Puzzle","ClockStone","Headup Games","Dec 15, 2020","Dec 15, 2020","Dec 15, 2020","CB",""
"Bugsnax","Adventureplatform","Young Horses","Young Horses","Nov 12, 2020","Nov 12, 2020","Nov 19, 2020","CB",""
"C14 Dating","Dating Simulation","Ratalaika Games","Ratalaika Games","Mar 30, 2021","Mar 30, 2021","Mar 30, 2021","CP",""
"Cocoon","PuzzleIndieActionAdventure","Geometric Interactive","Annapurna Interactive","Sep 29, 2023","Sep 29, 2023","Sep 29, 2023","",""
"Call of Duty: Black Ops Cold War","First-person shooter","Raven SoftwareTreyarch","Activision","Nov 13, 2020","Nov 13, 2020","Nov 19, 2020","CP",""
"Call of Duty: Black Ops 6","First-person shooter","Raven SoftwareTreyarch","Activision","Oct 25, 2024","Oct 25, 2024","Oct 25, 2024","",""
"Call of Duty: Modern Warfare II","First-person shooter","Infinity Ward","Activision","Oct 28, 2022","Oct 28, 2022","Oct 28, 2022","",""
"Call of Duty: Modern Warfare III","First-person shooter","Infinity Ward","Activision","Nov 10, 2023","Nov 10, 2023","Nov 10, 2023","",""
"Call of Duty: Vanguard","First-person shooter","Sledgehammer Games","Activision","Nov 5, 2021","Nov 5, 2021","Nov 5, 2021","",""
"Call of Duty: Warzone 2.0","Battle royalefirst-person shooter","Raven SoftwareInfinity Ward","Activision","Nov 16, 2022","Nov 16, 2022","Nov 16, 2022","",""
"Call of the Sea","Adventurepuzzle","Out of the Blue","Raw Fury","May 11, 2021","May 11, 2021","May 11, 2021","",""
"The Callisto Protocol","Survival horror","Striking Distance Studios","Krafton","Unreleased","Dec 2, 2022","Dec 2, 2022","",""
"Can't Drive This","Racing","Pixel Maniacs","Perp Games","Mar 19, 2021","Mar 19, 2021","Mar 19, 2021","",""
"The Centennial Case: A Shijima Story","Adventure","h.a.n.d.","Square Enix","May 12, 2022","May 12, 2022","May 12, 2022","","[19]"
"Centipede: Recharged","Puzzle","Adamvision StudiosSneakyBox","Atari","TBA","Sep 29, 2021","Sep 29, 2021","",""
"Century: Age of Ashes","Action","Playwing","Playwing","Feb 21, 2023","Sep 26, 2022","Sep 26, 2022","","[20]"
"Chernobylite","Survival","The Farm 51","All In! Games","Apr 21, 2022","Apr 21, 2022","Apr 21, 2022","",""
"Civilization VII","4X","Firaxis Games","2K","Feb 11, 2025","Feb 11, 2025","Feb 11, 2025","",""
"Crazy Chicken X","Casual","Korion Interactive","Markt+Technik","Unreleased","Dec 13, 2023","Dec 13, 2023","",""
"Crazy Chicken Wanted","Casual","Independent Arts Software","Markt+Technik","Unreleased","Jul 7, 2021","Jul 9, 2021","",""
"Crazy Chicken Kart 2","Racing","Korion Interactive","Markt+Technik","Unreleased","May 31, 2022","May 31, 2022","",""
"Crazy Chicken Xtreme","Action","Korion Interactive","Markt+Technik","Unreleased","Jun 15, 2022","Jun 15, 2022","",""
"Crazy Chicken Remake","ArcadeCasual","Independent Arts Software","Markt+Technik","Unreleased","Jul 9, 2021","Jul 9, 2021","",""
"Crazy Chicken Jump 'n' Run Traps and Treasures","ActionCasual","Higgs Games","Markt+Technik","Unreleased","Aug 4, 2022","Aug 4, 2022","",""
"Crazy Chicken Jump 'n' Run Traps and Treasures 2","Action","Korion Interactive","Markt+Technik","Unreleased","Dec 25, 2023","Dec 25, 2023","",""
"Chicory: A Colorful Tale","Adventurepuzzle","Greg Lobanov","Finji","Jun 10, 2021","Jun 10, 2021","Jun 10, 2021","",""
"Chivalry 2","Hack and slash","Torn Banner Studios","Deep SilverTripwire Interactive","Jun 8, 2021","Jun 8, 2021","Jun 8, 2021","CP",""
"Chorus","Space combat","Fishlabs","Deep Silver","Unreleased","Dec 3, 2021","Dec 3, 2021","",""
"Clash: Artifacts of Chaos","Action-adventure","ACE Team","Nacon","Mar 9, 2023","Mar 9, 2023","Mar 9, 2023","",""
"Clid the Snail","Shoot 'em up","Weird Beluga Studio","Koch Media","Unreleased","Dec 15, 2021","Dec 15, 2021","","[21]"
"College Football 25","Sports","EA Orlando","EA Sports","Jul 14, 2024","Jul 14, 2024","Jul 14, 2024","",""
"Company of Heroes 3","Real-time strategy","Relic Entertainment","Sega","May 30, 2023","May 30, 2023","May 30, 2023","",""
"Concept Destruction","Vehicular combat","Ratalaika Games","Ratalaika Games","Unreleased","Nov 12, 2020","Nov 23, 2020","CB","[22]"
"Concord","First-person shooter","Firewalk","Sony Interactive Entertainment","Aug 23, 2024","Aug 23, 2024","Aug 23, 2024","",""
"Control: Ultimate Edition","Third-person shooteraction-adventure","Remedy Entertainment","505 Games","Feb 2, 2021","Feb 2, 2021","Feb 2, 2021","CB",""
"Control 2","Third-person shooteraction-adventure","Remedy Entertainment","505 Games","TBA","TBA","TBA","",""
"Color Snake","Casual","Nosta Games LTD","Nosta Games LTD","Jun 13, 2024","Jun 13, 2024","Jun 13, 2024","",""
"Conway: Disappearance at Dahlia View","Adventure","White Paper Games","Sold Out","TBA","TBA","TBA","","[23]"
"Crash Bandicoot 4: It's About Time","Platform","Toys for Bob","Activision","Mar 12, 2021","Mar 12, 2021","Mar 12, 2021","CB",""
"Crash Drive 3","Racing","M2H","M2H","Jul 8, 2021","Jul 8, 2021","Jul 8, 2021","","[24]"
"The Crew Motorfest","Racing","Ubisoft Ivory Tower","Ubisoft","Sep 14, 2023","Sep 14, 2023","Sep 14, 2023","",""
"Cricket 22","Sports","Big Ant Studios","Nacon","Unreleased","Nov 25, 2021","Nov 25, 2021","",""
"Crimson Desert","Action-adventure","Pearl Abyss","Pearl Abyss","TBA","TBA","TBA","",""
"Crimsonland","Shoot 'em up","10tons","10tons","Unreleased","Jan 20, 2021","Jan 20, 2021","CB",""
"Cris Tales","Action role-playing","Dreams UncorporatedSYCK","Modus Games","Jul 20, 2021","Jul 20, 2021","Jul 20, 2021","",""
"Crisis Core: Final Fantasy VII Reunion","Role-playing","Square Enix","Square Enix","Dec 13, 2022","Dec 13, 2022","Dec 13, 2022","",""
"CRSED: F.O.A.D.","First-person shooter","Darkflow Studio","Gaijin Entertainment","Dec 15, 2020","Dec 15, 2020","Dec 15, 2020","",""
"Crusader Kings III","Grand strategyrole-playing","Paradox Development StudioLab42 Games","Paradox Interactive","Mar 29, 2022","Mar 29, 2022","Mar 29, 2022","",""
"Cthulhu Saves Christmas","Role-playing","Zeboyd Games","Zeboyd Games","Dec 22, 2020","Dec 22, 2020","Dec 22, 2020","",""
"Curse of the Sea Rats","Metroidvania","Petoon Studios","PQube","Un­known","Apr 6, 2023","Un­known","","[25]"
"Cuisineer","Role-Playing","BattleBrew Productions","Marvelous Europe Limited","Unreleased","Jan 28, 2025","Jan 28, 2025","",""
"Curved Space","Twin-stick shooter","Only By Midnight","Maximum Games","Unreleased","Jun 29, 2021","Jun 29, 2021","",""
"Cyanide & Happiness: Freakpocalypse","Point-And-Click Adventure","Explosm GamesSkeleton Crew Studios","Serenity Forge","Unreleased","Oct 26, 2021","Oct 26, 2021","",""
"Cyberpunk 2077","Action role-playing","CD Projekt Red","CD Projekt","Feb 15, 2022","Feb 15, 2022","Feb 15, 2022","CB",""
"Cyber Shadow","Actionplatform","Mechanical Head Studios","Yacht Club Games","Unreleased","Jan 26, 2021","Jan 26, 2021","CB",""
"CYGNI: All Guns Blazing","Shoot 'em up","KeelWorks","KeelWorks","Sep 19, 2023","Sep 19, 2023","Sep 19, 2023","","[14]"
"The Dark Pictures Anthology: House of Ashes","Interactive dramasurvival horror","Supermassive Games","Bandai Namco Entertainment","Oct 21, 2021","Oct 22, 2021","Oct 22, 2021","CB",""
"Darksiders II: Deathinitive Edition","Action role-playing","Vigil Games","THQ Nordic","Oct 15, 2024","Oct 15, 2024","Oct 15, 2024","",""
"Darq: Complete Edition","Psychological horror","Unfold Games","Feardemic","Mar 25, 2021","Mar 25, 2021","Mar 25, 2021","","[14]"
"Dave the Diver","Adventure","Mintrocket","Mintrocket","Apr 16, 2024","Apr 16, 2024","Apr 16, 2024","",""
"Dauntless","Action role-playing","Phoenix Labs","Epic Games","Dec 2, 2021","Dec 2, 2021","Dec 2, 2021","",""
"Dawn of the Monsters","Beat 'em up","13AM Games","WayForward","Mar 15, 2022","Mar 15, 2022","Mar 15, 2022","","[26]"
"Daymare: 1994 Sandcastle","Survival horror","Invader Studios","Leonardo Interactive","Aug 30, 2023","Aug 30, 2023","Aug 30, 2023","","[27]"
"Days of Doom","Strategy video game","SneakyBox","Atari, Inc.","Sep 21, 2023","Sep 21, 2023","Sep 21, 2023","",""
"DC League of Super-Pets: The Adventures of Krypto and Ace","Rail shooter","PHL Collective","Outright Games","Sep 29, 2022","Sep 29, 2022","Sep 29, 2022","",""
"DC Universe Online","Massively multiplayer onlineaction","Dimensional Ink Games","Daybreak Game Company","Unreleased","Mar 26, 2024","Mar 26, 2024","",""
"Dead by Daylight","Survival horror","Behaviour Interactive","Behaviour Interactive","Nov 12, 2020","Nov 12, 2020","Nov 12, 2020","CB   CP",""
"Deadcraft","Survival","Marvelous First Studio","JP: MarvelousWW: Xseed Games","May 19, 2022","May 19, 2022","May 19, 2022","","[28]"
"Dead Island 2","Action role-playing","Dambuster Studios","Deep Silver","Apr 21, 2023","Apr 21, 2023","Apr 21, 2023","",""
"Dead Space","Survival horror","Motive Studios","Electronic Arts","Jan 27, 2023","Jan 27, 2023","Jan 27, 2023","",""
"Death's Door","Action-adventure","Acid Nerve","Devolver Digital","Nov 23, 2021","Nov 23, 2021","Nov 23, 2021","",""
"Death Stranding 2: On the Beach","Action","Kojima Productions","Sony Interactive Entertainment","2025","2025","2025","",""
"Death Stranding Director's Cut","Action","Kojima Productions","Sony Interactive Entertainment","Sep 24, 2021","Sep 24, 2021","Sep 24, 2021","",""
"Deathbound","Action role-playing","Trialforge Studio","Tate Multimedia","Aug 8, 2024","Aug 8, 2024","Aug 8, 2024","",""
"Deathloop","Action-adventure","Arkane Studios","Bethesda Softworks","Sep 14, 2021","Sep 14, 2021","Sep 14, 2021","",""
"Deathverse: Let It Die","Survival, action","SuperTrick Games","GungHo Online Entertainment","Sep 27, 2022","Sep 27, 2022","Sep 27, 2022","",""
"Deceive Inc.","First-person shooter","Sweet Bandits Studios","Tripwire Interactive","Mar 21, 2023","Mar 21, 2023","Mar 21, 2023","","[29]"
"Deep Rock Galactic","First-person shooter","Ghost Ship Games","Coffee Stain Studios","Jan 4, 2022","Jan 4, 2022","Jan 4, 2022","",""
"Deliver Us The Moon","Adventure","KeokeN Interactive","Wired Productions","Jun 23, 2022","Jun 23, 2022","Jun 23, 2022","CB",""
"Demon's Souls","Action role-playing","Bluepoint GamesJapan Studio","Sony Interactive Entertainment","Nov 12, 2020","Nov 12, 2020","Nov 19, 2020","",""
"Demon Slayer: Kimetsu no Yaiba – The Hinokami Chronicles","Fighting","CyberConnect2","JP: AniplexWW: Sega","Oct 14, 2021","Oct 15, 2021","Oct 15, 2021","",""
"Demon Turf","Platform","Fabraz","Playtonic Friends","Nov 4, 2021","Nov 4, 2021","Nov 4, 2021","","[30]"
"Destiny 2","First-person shooter","Bungie","Bungie","Dec 8, 2020","Dec 8, 2020","Dec 8, 2020","CB   CP",""
"Destroy All Humans! 2: Reprobed","Action-adventure","Black Forest Games","THQ Nordic","Aug 30, 2022","Aug 30, 2022","Aug 30, 2022","","[31]"
"Destruction AllStars","Vehicular combat","Lucid GamesWushu Studios","Sony Interactive Entertainment","Feb 2, 2021","Feb 2, 2021","Feb 2, 2021","",""
"Devil May Cry 5: Special Edition","Action-adventurehack and slash","Capcom","Capcom","Nov 12, 2020","Nov 12, 2020","Nov 19, 2020","",""
"Diablo II: Resurrected","Action role-playinghack and slash","Vicarious Visions","Blizzard Entertainment","Sep 23, 2021","Sep 23, 2021","Sep 23, 2021","",""
"Diablo IV","Action role-playinghack and slash","Blizzard Team 3Blizzard Albany","Blizzard Entertainment","Jun 6, 2023","Jun 6, 2023","Jun 6, 2023","",""
"Dinos Reborn","Survivalaction","HardCodeWay","Vision Edge Entertainment","2025","2025","2025","",""
"The DioField Chronicle","Tactical role-playing","Square EnixLancarse","Square Enix","Sep 22, 2022","Sep 22, 2022","Sep 22, 2022","CB",""
"Dirt 5","Racing","Codemasters","Codemasters","Nov 12, 2020","Nov 12, 2020","Nov 19, 2020","CB",""
"Disciples: Liberation","Turn-based strategy","Frima Studio","Kalypso Media","Oct 21, 2021","Oct 21, 2021","Oct 21, 2021","",""
"Disco Elysium: The Final Cut","Role-playing","ZA/UM","ZA/UM","Mar 30, 2021","Mar 30, 2021","Mar 30, 2021","CB",""
"Disgaea 6: Defiance of Destiny","Tactical role-playing","Nippon Ichi Software","Nippon Ichi Software","Jun 16, 2022","Jun 28, 2022","Jun 28, 2022","",""
"Disgaea 7: Vows of the Virtueless","Tactical role-playing","Nippon Ichi Software","Nippon Ichi Software","Jan 26, 2023","Oct 3, 2023","Oct 6, 2023","",""
"Disney Dreamlight Valley","Life simulationadventure","Gameloft Montreal","Gameloft","Dec 5, 2023","Dec 5, 2023","Dec 5, 2023","CP",""
"Disney Speedstorm","Racing","Gameloft Barcelona","Gameloft","Sep 28, 2023","Sep 28, 2023","Sep 28, 2023","CP",""
"Divine Knockout","Fighting","Red Beard Games","Hi-Rez Studios","Dec 6, 2022","Dec 6, 2022","Dec 6, 2022","CP",""
"DNF Duel","Fighting","NeopleArc System WorksEighting","Nexon","Jun 28, 2022","Jun 28, 2022","Jun 28, 2022","","[32]"
"Doctor Who: The Edge of Reality","Adventure","Maze Theory","BBC StudiosJust Add Water","Unreleased","Sep 30, 2021","Sep 30, 2021","",""
"Doki Doki Literature Club Plus!","Visual novel","Team Salvato","Serenity Forge","Unreleased","Jun 30, 2021","Jun 30, 2021","",""
"Dolmen","Action-adventurerole-playing","Massive Work Studio","Prime Matter","May 19, 2022","May 19, 2022","May 19, 2022","",""
"Doom Eternal","First-person shooter","id Software","Bethesda Softworks","Jun 29, 2021","Jun 29, 2021","Jun 29, 2021","CB",""
"Dragon Age: The Veilguard","Action role-playing","BioWare","Electronic Arts","Oct 31, 2024","Oct 31, 2024","Oct 31, 2024","",""
"Dragon Ball FighterZ","FightingAdventure game","Arc System Works","Bandai Namco Entertainment","Feb 28, 2024","Feb 28, 2024","Feb 28, 2024","",""
"Dragon Ball Xenoverse 2","FightingRole playing game","Dimps","Bandai Namco Entertainment","May 23, 2024","May 23, 2024","May 23, 2024","",""
"Dragon Ball: Sparking! Zero","Fighting","Spike Chunsoft","Bandai Namco Entertainment","Oct 11, 2024","Oct 11, 2024","Oct 11, 2024","",""
"Dragon Ball Z: Kakarot","Action role-playing","CyberConnect2","Bandai Namco Entertainment","Jan 12, 2023","Jan 13, 2023","Jan 13, 2023","",""
"Dragon Quest III HD-2D Remake","Role-playing","Artdink","Square Enix","Nov 14, 2024","Nov 14, 2024","Nov 14, 2024","",""
"Dragon Quest X Offline","Role-playing","Square Enix","Square Enix","Feb 26, 2022","Unreleased","Unreleased","",""
"Dreaming Sarah","Adventureplatformer","Asteristic Game Studio","Ratalaika Games","Unreleased","Mar 5, 2021","Mar 5, 2021","CB",""
"Dungeons & Bombs","Puzzle","PigeonDev","Sometimes You","Unreleased","Feb 26, 2021","Feb 26, 2021","",""
"Dungeons & Dragons: Dark Alliance","Role-playing","Tuque Games","Wizards of the Coast","Jun 22, 2021","Jun 22, 2021","Jun 22, 2021","",""
"Dustborn","Action-adventure","Red Thread Games","Red Thread Games","TBA","TBA","TBA","","[33]"
"Dying: 1983","Adventure","Nekcom","2P Games","Feb 17, 2022","TBA","TBA","","[34]"
"Dying Light 2: Stay Human","Survival horror","Techland","Techland Publishing","Feb 4, 2022","Feb 4, 2022","Feb 4, 2022","",""
"Dynasty Warriors 9: Empires","Hack and slash","Omega Force","Koei Tecmo","Dec 23, 2021","Feb 15, 2022","Feb 15, 2022","",""
"Dysmantle","Actionadventure","10tons","10tons","Unreleased","Jan 19, 2022","Jan 19, 2022","CB","[35]"
"Earth Defense Force 6","Third-person shooter","Sandlot","D3 Publisher","Aug 25, 2022","July 25, 2024","July 25, 2024","","[36][37]"
"EA Sports FC 24","Sports","EA Vancouver","Electronic Arts","Sep 29, 2023","Sep 29, 2023","Sep 29, 2023","",""
"EA Sports FC 25","Sports","EA Vancouver","Electronic Arts","Sep 27, 2024","Sep 27, 2024","Sep 27, 2024","",""
"EA Sports PGA Tour","Sports","EA Tiburon","Electronic Arts","Mar 24, 2023","Mar 24, 2023","Mar 24, 2023","",""
"EA Sports WRC","Racing","Codemasters","EA Sports","Nov 3, 2023","Nov 3, 2023","Nov 3, 2023","",""
"Edge of Eternity","Role-playing","Midgard Studio","Dear Villagers","Aug 31, 2023","Feb 10, 2022","Feb 10, 2022","",""
"eFootball 2022","Sports","Konami","Konami","Sep 30, 2021","Sep 30, 2021","Sep 30, 2021","CP",""
"Eiyuden Chronicle: Hundred Heroes","Japanese role-playing","Rabbit & Bear Studios","505 Games","Apr 23, 2024","Apr 23, 2024","Apr 23, 2024","",""
"Eiyuden Chronicle: Rising","Japanese role-playing","Rabbit & Bear Studios","505 Games","May 10, 2022","May 10, 2022","May 10, 2022","","[38]"
"ELEX II","Action role-playing","Piranha Bytes","THQ Nordic","Mar 1, 2022","Mar 1, 2022","Mar 1, 2022","",""
"Elden Ring","Action role-playing","FromSoftware","Bandai Namco Entertainment","Feb 25, 2022","Feb 25, 2022","Feb 25, 2022","CB",""
"The Elder Scrolls Online","Massively multiplayer online role-playing","ZeniMax Online Studios","Bethesda Softworks","Jun 15, 2021","Jun 15, 2021","Jun 15, 2021","CB",""
"The Elder Scrolls V: Skyrim","Action role-playing","Bethesda Game Studios","Bethesda Softworks","Nov 11, 2021","Nov 11, 2021","Nov 11, 2021","CB",""
"Ender Lilies: Quietus of the Knights","Metroidvania","Live WireAdglobe","Binary Haze Interactive","TBA","TBA","TBA","",""
"Enchanted Portals","Shoot 'em Up","Xixo Games Studio","Xixo Games Studio","Sep 8, 2023","Sep 8, 2023","Sep 8, 2023","","[39]"
"Endless Dungeon","Roguelike","Amplitude Studios","Sega","Oct 19, 2023","Oct 19, 2023","Oct 19, 2023","","[40]"
"Endling: Extinction is Forever","Adventure video gameSurvival game","Herobeat Studios","HandyGames","Unreleased","Nov 3, 2022","Nov 3, 2022","CB",""
"Enlisted","First-person shooter","Darkflow Software","Gaijin Entertainment","Mar 2, 2021","Mar 2, 2021","Mar 2, 2021","",""
"Escape from Life Inc","Adventure","Sometimes You","Sometimes You","Mar 30, 2021","Mar 30, 2021","Mar 30, 2021","",""
"Eternal","Massively multiplayer online role-playing","Asobimo","Asobimo","Jul 19, 2021","Unreleased","Unreleased","","[41]"
"Earth Defense: World Brothers 2","Action","Yuke's","D3 Publisher","Sep 25, 2024","Sep 25, 2024","Sep 25, 2024","",""
"Ever Forward","PuzzleAdventure","Pathea Games","PM Studios","Aug 10, 2021","Aug 10, 2021","Aug 10, 2021","",""
"Evergate","Puzzle-platform","Stone Lantern Games","PQube","Jun 4, 2021","Jun 4, 2021","Jun 4, 2021","",""
"Evil Dead: The Game","Survival horror","Saber Interactive","Boss Team Games","May 13, 2022","May 13, 2022","May 13, 2022","CP",""
"Evil Genius 2: World Domination","Real-time strategysimulation","Rebellion Developments","Rebellion Developments","Unreleased","Nov 30, 2021","Nov 30, 2021","",""
"Evil West","Action-adventure","Flying Wild Hog","Focus Home Interactive","Nov 22, 2022","Nov 22, 2022","Nov 22, 2022","","[42]"
"Exophobia","First-person shooter","Zarc Attack","PM Studios","Unreleased","Jul 23, 2024","Jul 23, 2024","","[43]"
"Exoprimal","Survival horrorthird-person shooter","Capcom","Capcom","Jul 14, 2023","Jul 14, 2023","Jul 14, 2023","",""
"F1 2021","Racing","Codemasters","Electronic Arts","Jul 16, 2021","Jul 16, 2021","Jul 16, 2021","",""
"F1 22","Racing","Codemasters","Electronic Arts","Jul 1, 2022","Jul 1, 2022","Jul 1, 2022","",""
"F1 23","Racing","Codemasters","Electronic Arts","Jun 16, 2023","Jun 16, 2023","Jun 16, 2023","",""
"F1 24","Racing","Codemasters","Electronic Arts","May 31, 2024","May 31, 2024","May 31, 2024","",""
"F1 Manager 2022","Business simulation","Frontier Developments","Frontier Developments","Aug 30, 2022","Aug 30, 2022","Aug 30, 2022","",""
"F1 Manager 2023","Business simulation","Frontier Developments","Frontier Developments","Jul 31, 2023","Jul 31, 2023","Jul 31, 2023","",""
"F1 Manager 2024","Business simulation","Frontier Developments","Frontier Developments","Jul 23, 2024","Jul 23, 2024","Jul 23, 2024","",""
"The Falconeer: Warrior Edition","Aerial combat","Tomas Sala","Wired Productions","Aug 5, 2021","Aug 5, 2021","Aug 5, 2021","",""
"Fall Guys","Battle royaleplatform","Mediatonic","Epic Games","Jun 21, 2022","Jun 21, 2022","Jun 21, 2022","CP",""
"Fallout 4","Action role-playing","Bethesda Game Studios","Bethesda Softworks","Apr 25, 2024","Apr 25, 2024","Apr 25, 2024","",""
"Far Cry 6","First-person shooter","Ubisoft Toronto","Ubisoft","Oct 7, 2021","Oct 7, 2021","Oct 7, 2021","CB",""
"Farming Simulator 22","Simulation","Giants Software","Giants Software","Nov 24, 2021","Nov 22, 2021","Nov 22, 2021","",""
"Farming Simulator 25","Simulation","Giants Software","Giants Software","Nov 12, 2024","Nov 12, 2024","Nov 12, 2024","",""
"Fatal Frame: Maiden of Black Water","Survival horror","Koei Tecmo","Koei Tecmo","Oct 28, 2021","Oct 28, 2021","Oct 28, 2021","",""
"Fatal Frame: Mask of the Lunar Eclipse","Survival horror","Koei TecmoGrasshopper Manufacture","Koei Tecmo","Mar 9, 2023","Mar 9, 2023","Mar 9, 2023","",""
"Fatal Fury: City of the Wolves","Fighting","SNK","SNK","Apr 24, 2025","Apr 24, 2025","Apr 24, 2025","",""
"FIFA 21","Sports","EA Vancouver","Electronic Arts","Dec 4, 2020","Dec 4, 2020","Dec 4, 2020","",""
"FIFA 22","Sports","EA Vancouver","Electronic Arts","Oct 1, 2021","Oct 1, 2021","Oct 1, 2021","",""
"FIFA 23","Sports","EA Vancouver","Electronic Arts","Sep 30, 2022","Sep 30, 2022","Sep 30, 2022","",""
"Final Fantasy VII Rebirth","Action role-playing","Square Enix","Square Enix","Feb 29, 2024","Feb 29, 2024","Feb 29, 2024","",""
"Final Fantasy VII Remake Intergrade","Action role-playing","Square Enix","Square Enix","Jun 10, 2021","Jun 10, 2021","Jun 10, 2021","CB",""
"Final Fantasy XIV","Massively multiplayer online role-playing","Square Enix","Square Enix","May 25, 2021","May 25, 2021","May 25, 2021","CB   CP",""
"Final Fantasy XVI","Action role-playing","Square Enix","Square Enix","Jun 22, 2023","Jun 22, 2023","Jun 22, 2023","",""
"Fire Commander","Real-time tactics","Atomix WolfPixel Crow","Movie Games","TBA","TBA","TBA","",""
"The First Berserker: Khazan","Action role-playingAdventure","Neople","Nexon","2024","2024","2024","",""
"First Class Trouble","Partysocial deduction","Invisible Walls","Versus Evil","Nov 2, 2021","Nov 2, 2021","Nov 2, 2021","",""
"F.I.S.T.: Forged In Shadow Torch","Action","TiGames","Bilibili","Sep 7, 2021","Sep 7, 2021","Sep 7, 2021","",""
"Five Nights at Freddy's: Help Wanted","Survival horror","Steel Wool Studios","Steel Wool Studios","Nov 21, 2023","Nov 21, 2023","Nov 21, 2023","",""
"Five Nights at Freddy's: Into the Pit","Horror, adventure","Mega Cat Studios","Mega Cat Studios","Sep 27, 2024","Sep 27, 2024","Sep 27, 2024","",""
"Five Nights at Freddy's: Security Breach","Survival horror","Steel Wool Studios","ScottGames","Dec 16, 2021","Dec 16, 2021","Dec 16, 2021","",""
"Flea Madness","Action","Missset","Crytivo Games","TBA","TBA","TBA","","[14]"
"Flipper Mechanic","Simulation","SimFabric","SimFabric","TBA","TBA","TBA","","[44]"
"Foamstars","Action","Square Enix","Square Enix","Feb 6, 2024","Feb 6, 2024","Feb 6, 2024","","[45]"
"Fobia: St. Dinfna Hotel","Psychological horror","Pulsatrix Studios","Maximum Games","Jun 28, 2022","Jun 28, 2022","Jun 28, 2022","","[46]"
"Football Manager 2023","Sports","Sports Interactive","Sega","Feb 1, 2023","Feb 1, 2023","Feb 1, 2023","",""
"Football Manager 2024 Console","Sports","Sports Interactive","Sega","Nov 6, 2023","Nov 6, 2023","Nov 6, 2023","",""
"Foreclosed","Action-adventure","Antab","Merge Games","Aug 12, 2021","Aug 12, 2021","Aug 12, 2021","",""
"Forspoken","Action role-playing","Luminous Productions","Square Enix","Jan 24, 2023","Jan 24, 2023","Jan 24, 2023","",""
"Fortnite","Battle royalesandboxsurvival","Epic Games","Epic Games","Nov 12, 2020","Nov 12, 2020","Nov 19, 2020","CP",""
"Freddy Spaghetti","Action-adventuresimulation","Playful Pasta","Ratalaika Games","Unreleased","Dec 16, 2020","Dec 16, 2020","CB",""
"Freedom Planet 2","Platform","GalaxyTrail","GalaxyTrail","Apr 4, 2024","Apr 4, 2024","Apr 4, 2024","",""
"Fuga: Melodies of Steel","Tactical role-playing","CyberConnect2","CyberConnect2","Jul 29, 2021","Jul 29, 2021","Jul 29, 2021","",""
"Fuga: Melodies of Steel 2","Tactical role-playing","CyberConnect2","CyberConnect2","May 11, 2023","May 11, 2023","May 11, 2023","",""
"Funko Fusion","Action-Adventure","10:10 Games","10:10 Games","Sep 13, 2024","Sep 13, 2024","Sep 13, 2024","",""
"Galacticare","Business simulation","Brightrock Games","Cult Games","May 23, 2024","May 23, 2024","May 23, 2024","","[47]"
"Garten of Banban","HorrorAdventurePuzzle","Euphoric Brothers","Feardemic","May 30, 2024","May 30, 2024","May 30, 2024","",""
"Garten of Banban II","HorrorAdventurePuzzle","Euphoric Brothers","Feardemic","May 30, 2024","May 30, 2024","May 30, 2024","",""
"Garten of Banban III","HorrorAdventurePuzzle","Euphoric Brothers","Feardemic","May 30, 2024","May 30, 2024","May 30, 2024","",""
"Garten of Banban IV","HorrorAdventurePuzzle","Euphoric Brothers","Feardemic","May 30, 2024","May 30, 2024","May 30, 2024","",""
"Genshin Impact","Action role-playing","miHoYo","miHoYo","Apr 28, 2021","Apr 28, 2021","Apr 28, 2021","",""
"Ghost of Tsushima Director's Cut","Action-adventure","Sucker Punch Productions","Sony Interactive Entertainment","Aug 20, 2021","Aug 20, 2021","Aug 20, 2021","",""
"Ghost of Tsushima: Legends","Action-adventure","Sucker Punch Productions","Sony Interactive Entertainment","Sep 3, 2021","Sep 3, 2021","Sep 3, 2021","",""
"Ghostrunner","Actionplatform","One More Level","All in! Games505 Games","Sep 28, 2021","Sep 28, 2021","Sep 28, 2021","CB",""
"Ghostrunner 2","Actionplatform","One More Level","505 Games","Oct 26, 2023","Oct 26, 2023","Oct 26, 2023","",""
"Ghostwire: Tokyo","Action-adventure","Tango Gameworks","Bethesda Softworks","Mar 25, 2022","Mar 25, 2022","Mar 25, 2022","",""
"Glowface","Adventure","ThiGames","ThiGames","Jun 21, 2024","Jun 21, 2024","Jun 21, 2024","",""
"Glowface in Love","Adventure","ThiGames","ThiGames","Aug 9, 2024","Aug 9, 2024","Aug 9, 2024","",""
"Godfall","Action role-playing","Counterplay Games","Gearbox Publishing","Nov 12, 2020","Nov 12, 2020","Nov 19, 2020","CB",""
"God of War Ragnarök","Action-adventurehack and slash","Santa Monica Studio","Sony Interactive Entertainment","Nov 9, 2022","Nov 9, 2022","Nov 9, 2022","",""
"Goals","Sports","Goals AB","Goals AB","TBA","TBA","TBA","",""
"Goonya Fighter: Purupuru Shokkan Edition","Fightingparty","Mutan","Mutan","Nov 12, 2020","Nov 12, 2020","Nov 19, 2020","","[48]"
"Goodbye Volcano High","Adventure","KO_OP","KO_OP","Aug 29, 2023","Aug 29, 2023","Aug 29, 2023","",""
"Gotham Knights","Action-adventure","WB Games Montréal","WB Games","Oct 25, 2022","Oct 25, 2022","Oct 25, 2022","",""
"Gothic Remake","Action role-playing","THQ Nordic Barcelona","THQ Nordic","2024","2024","2024","",""
"Gran Turismo 7","Racingsimulation","Polyphony Digital","Sony Interactive Entertainment","Mar 4, 2022","Mar 4, 2022","Mar 4, 2022","",""
"Granblue Fantasy: Relink","Action role-playing","Cygames","Cygames","Jan 28, 2024","Jan 28, 2024","Feb 1, 2024","",""
"Granblue Fantasy Versus: Rising","Fighting","Arc System Works","Cygames","Dec 14, 2023","Dec 14, 2023","Dec 14, 2023","","[49]"
"Grand Theft Auto Online","Action-adventure","Rockstar North","Rockstar Games","Mar 15, 2022","Mar 15, 2022","Mar 15, 2022","",""
"Grand Theft Auto: The Trilogy – The Definitive Edition","Action-adventure","Grove Street Games","Rockstar Games","Nov 11, 2021","Nov 11, 2021","Nov 11, 2021","",""
"Grand Theft Auto V","Action-adventure","Rockstar North","Rockstar Games","Mar 15, 2022","Mar 15, 2022","Mar 15, 2022","",""
"Grand Theft Auto VI","Action-adventure","Rockstar North","Rockstar Games","Q3/Q4 2025","Q3/Q4 2025","Q3/Q4 2025","",""
"Graven","Action-adventurefirst-person shooter","Slipgate Ironworks","3D Realms1C Entertainment","June 25, 2024","June 25, 2024","June 25, 2024","",""
"GraviFire","Puzzle","Potata Company","Sometimes You","Unreleased","Mar 3, 2021","Mar 3, 2021","",""
"GreedFall","Action-role playing","Spiders","Focus Home Interactive","Jun 30, 2021","Jun 30, 2021","Jun 30, 2021","",""
"Grid Legends","Racing","Codemasters","Electronic Arts","Feb 25, 2022","Feb 25, 2022","Feb 25, 2022","",""
"Grounded","Survival","Obsidian Entertainment","Xbox Game Studios","Apr 16, 2024","Apr 16, 2024","Apr 16, 2024","",""
"Marvel's Guardians of the Galaxy","Action-adventure","Eidos-Montréal","Square Enix","Oct 26, 2021","Oct 26, 2021","Oct 26, 2021","",""
"Guilty Gear Strive","Fighting","Arc System Works","Arc System Works","Jun 11, 2021","Jun 11, 2021","Jun 11, 2021","CB",""
"Gundam Breaker 4","Adventure gameRole playing gameFighting","Crafts & Meister","Bandai Namco Entertainment","Aug 29, 2024","Aug 29, 2024","Aug 29, 2024","",""
"Gungrave G.O.R.E.","Third-person shooter","Iggymob","Prime Matter","Nov 22, 2022","Nov 22, 2022","Nov 22, 2022","","[50]"
"Gunvolt Chronicles Luminous Avenger iX 2","Platform","Inti Creates","Inti Creates","Jan 27, 2022","Jan 27, 2022","Jan 27, 2022","","[51]"
"Hades","Action role-playing","Supergiant Games","Supergiant Games","Aug 13, 2021","Aug 13, 2021","Aug 13, 2021","",""
"Haunted Space","Actionhorror","Italian Games Factory","Merge Games","TBA","TBA","TBA","",""
"Harry Potter: Quidditch Champions","Sports","Unbroken Studios","Warner Bros. Games","Sep 3, 2024","Sep 3, 2024","Sep 3, 2024","",""
"Haven","Role-playingadventure","The Game Bakers","The Game Bakers","Dec 3, 2020","Dec 3, 2020","Dec 3, 2020","",""
"Heavenly Bodies","Space station simulation","2pt Interactive","2pt Interactive","Dec 7, 2021","Dec 7, 2021","Dec 7, 2021","","[33]"
"Helldivers II","Third-person shooter","Arrowhead Game Studios","Sony Interactive Entertainment","Feb 8, 2024","Feb 8, 2024","Feb 8, 2024","",""
"Hell is Us","Action-adventure","Rogue Factor","Nacon","2025","2025","2025","",""
"Hell Let Loose","First-person shooter","Black Matter","Team17","Oct 5, 2021","Oct 5, 2021","Oct 5, 2021","",""
"Hellpoint","Action role-playing","Cradle Games","TinyBuild","Jul 12, 2022","Jul 12, 2022","Jul 12, 2022","CB",""
"Hello Neighbor 2","Stealthsurvival horror","Eerie Guest","TinyBuild","Dec 6, 2022","Dec 6, 2022","Dec 6, 2022","",""
"Hi-Fi Rush","Actionrhythmbeat 'em uphack and slash","Tango Gameworks","Bethesda Softworks","Mar 18, 2024","Mar 18, 2024","Mar 18, 2024","",""
"Hitman 3","Stealth","IO Interactive","IO Interactive","Aug 25, 2021","Jan 20, 2021","Jan 20, 2021","CB [b]",""
"Hogwarts Legacy","Action role-playing","Avalanche Software","Portkey Games","Feb 10, 2023","Feb 10, 2023","Feb 10, 2023","",""
"Hood: Outlaws & Legends","Action-adventure","Sumo Digital","Focus Home Interactive","May 10, 2021","May 10, 2021","May 10, 2021","",""
"Horizon Forbidden West","Action role-playing","Guerrilla Games","Sony Interactive Entertainment","Feb 18, 2022","Feb 18, 2022","Feb 18, 2022","CB",""
"Hot Wheels Monster Trucks: Stunt Mayhem","Racing","3DClouds","GameMill Entertainment","Oct 18, 2024","Oct 18, 2024","Oct 18, 2024","",""
"Hot Wheels Unleashed","Racing","Milestone","Milestone","Sep 30, 2021","Sep 30, 2021","Sep 30, 2021","",""
"Hot Wheels Unleashed 2: Turbocharged","Racing","Milestone","Milestone","Oct 19, 2023","Oct 19, 2023","Oct 19, 2023","",""
"Hotel Life: A Resort Simulator","Business simulation","RingZero Game Studio","Nacon","Aug 26, 2021","Aug 26, 2021","Aug 26, 2021","",""
"Hunter's Arena: Legends","Massively multiplayer online role-playing","Mantisco","Mantisco","Aug 3, 2021","Aug 3, 2021","Aug 3, 2021","",""
"Human: Fall Flat","Puzzle-platform","No Brakes Games","Curve Digital","Unreleased","Jun 24, 2021","Jun 24, 2021","",""
"I Am Dead","Adventure","Hollow Ponds","Annapurna Interactive","Aug 9, 2021","Aug 9, 2021","Aug 9, 2021","",""
"Immortals Fenyx Rising","Action-adventure","Ubisoft Quebec","Ubisoft","Dec 3, 2020","Dec 3, 2020","Dec 3, 2020","CB",""
"Infliction: Extended Cut","Adventurehorror","Caustic Reality","Blowfish Studios","Unreleased","Dec 22, 2020","Dec 23, 2020","","[52]"
"In Rays of the Light","Action-adventure","Sergey Noskov","Sometimes You","Unreleased","Mar 17, 2021","Mar 17, 2021","",""
"In Sound Mind","Psychological Horror","We Create Stuff","Modus Games","Unreleased","Sep 28, 2021","Sep 28, 2021","",""
"Insurgency: Sandstorm","Tactical Shooter","New World Interactive","Focus Home Entertainment","Jan 30, 2024","Jan 30, 2024","Jan 30, 2024","",""
"Iron Harvest","Real-time strategy","King Art Games","Deep Silver","Oct 26, 2021","Oct 26, 2021","Oct 26, 2021","",""
"It Takes Two","Action-adventureplatform","Hazelight Studios","Electronic Arts","Mar 26, 2021","Mar 26, 2021","Mar 26, 2021","",""
"Jett: The Far Shore","Action-adventure","SuperbrothersPine Scented","Superbrothers","Oct 5, 2021","Oct 5, 2021","Oct 5, 2021","","[33]"
"JoJo's Bizarre Adventure: All Star Battle R","Fighting","CyberConnect2","Bandai Namco Entertainment","Sep 1, 2022","Sep 2, 2022","Sep 2, 2022","",""
"Journey to the Savage Planet","First-person shooter","Raccoon Logic","505 Games","Feb 14, 2023","Feb 14, 2023","Feb 14, 2023","",""
"Judgment","Action-adventure","Ryu Ga Gotoku Studio","Sega","Apr 23, 2021","Apr 23, 2021","Apr 23, 2021","",""
"A Juggler's Tale","Platform","Kaleidoscube","Mixtvision Games","Unreleased","Sep 29, 2021","Sep 29, 2021","","[53]"
"Jump Challenge!","Arcade","Source Byte","Source Byte","Nov 18, 2022","Nov 18, 2022","Nov 18, 2022","",""
"Jurassic World Evolution 2","Business simulation","Frontier Developments","Frontier Developments","Nov 9, 2021","Nov 9, 2021","Nov 9, 2021","",""
"Just Dance 2021","Rhythm","Ubisoft Paris","Ubisoft","Nov 24, 2020","Nov 24, 2020","Nov 24, 2020","CB",""
"Just Dance 2022","Rhythm","Ubisoft Paris","Ubisoft","Nov 4, 2021","Nov 4, 2021","Nov 4, 2021","CB",""
"Just Dance 2023 Edition","Rhythm","Ubisoft Paris","Ubisoft","Nov 22, 2022","Nov 22, 2022","Nov 22, 2022","",""
"Just Dance 2024 Edition","Rhythm","Ubisoft Paris","Ubisoft","Oct 24, 2023","Oct 24, 2023","Oct 24, 2023","",""
"Jydge","Shooter","10tons","10tons","Unreleased","Nov 19, 2020","Nov 19, 2020","CB",""
"Kao the Kangaroo","Platform","Tate Multimedia","Tate Multimedia","Unreleased","May 27, 2022","May 27, 2022","",""
"Kena: Bridge of Spirits","Action-adventure","Ember Lab","Ember Lab","Sep 21, 2021","Sep 21, 2021","Sep 21, 2021","CB",""
"Kerbal Space Program 2","Space flight simulation","Intercept Games","Private Division","TBA","TBA","TBA","",""
"Kerbal Space Program: Enhanced Edition","Space flight simulation","Squad","Private Division","Unreleased","Sep 24, 2021","Sep 24, 2021","CB",""
"KeyWe","Puzzle","Stonewheat & Sons","Sold Out","Aug 31, 2021","Aug 31, 2021","Aug 31, 2021","","[54]"
"King Arthur: Knight's Tale","Tactical role-playing","NeocoreGames","NeocoreGames","TBA","TBA","TBA","","[55]"
"Killer Klowns from Outer Space: The Game","Survival Horror","IllFonicTeravision Games","IllFonic","Unreleased","Jun 4, 2024","Unreleased","",""
"King Oddball","Puzzle","10tons","10tons","Unreleased","Nov 12, 2020","Nov 12, 2020","CB","[56]"
"The King of Fighters XV","Fighting","SNK","SNK","Feb 17, 2022","Feb 17, 2022","Feb 17, 2022","",""
"Kingdom of Arcadia","Action-adventure","Spoonbox Studio","EastAsiaSoft","Unreleased","Apr 14, 2021","Apr 13, 2021","",""
"Kingdom Come: Deliverance II","Role Playing Games","Warhorse Studios","Deep Silver","Feb 11, 2025","Feb 11, 2025","Feb 11, 2025","",""
"Kitaria Fables","Action role-playingfarming simulation","Twin Hearts","PQube","Unreleased","Sep 2, 2021","Sep 2, 2021","CB",""
"Klonoa Phantasy Reverie Series","Platform","Monkey Craft","Bandai Namco Entertainment","Jul 7, 2022","Jul 7, 2022","Jul 7, 2022","",""
"Knives Out: Extreme","Third-person shooter","NetEase","NetEase","TBA","TBA","TBA","","[57]"
"Knockout City","Sports","Velan Studios","Electronic Arts","May 20, 2021","May 20, 2021","May 20, 2021","",""
"Koira","Adventure","Studio Tolima","Don't Nod","Apr 17, 2025","Apr 17, 2025","Apr 17, 2025","",""
"The Last of Us Part I","Action-adventure","Naughty Dog","Sony Interactive Entertainment","Sep 2, 2022","Sep 2, 2022","Sep 2, 2022","",""
"The Last of Us Part II Remastered","Action-adventure","Naughty Dog","Sony Interactive Entertainment","Jan 19, 2024","Jan 19, 2024","Jan 19, 2024","",""
"The Last Stand: Aftermath","Roguelike","Con Artist Games","Armor Games Studios","Nov 16, 2021","Nov 16, 2021","Nov 16, 2021","",""
"Last Stop","Adventure","Variable State","Annapurna Interactive","Jul 22, 2021","Jul 22, 2021","Jul 22, 2021","",""
"The Last Worker","Adventure","OiffyWolf & Wood","Wired Productions","Mar 30, 2023","Mar 30, 2023","Mar 30, 2023","","[58]"
"Legacy of Kain: Soul Reaver 1 & 2 Remastered","Action-adventure","Aspyr","Aspyr","Dec 10, 2024","Dec 10, 2024","Dec 10, 2024","",""
"The Legend of Heroes: Kai no Kiseki","Role-playing","Nihon Falcom","Nihon Falcom","Sep 26, 2024","TBA","TBA","","[59]"
"The Legend of Heroes: Trails into Reverie","Role-playing","Nihon Falcom","NIS America","TBA","Jul 7, 2023","Jul 7, 2023","","[60]"
"The Legend of Heroes: Trails Through Daybreak","Role-playing","Nihon Falcom","NIS America","Jul 28, 2022","Jul 5, 2024","Jul 5, 2024","",""
"The Legend of Heroes: Trails Through Daybreak II","Role-playing","Nihon Falcom","Nihon Falcom","Sep 29, 2022","TBA","TBA","","[61]"
"The Legend of Heroes: Trails of Cold Steel III","Role-playing","Nihon Falcom","NIS America","Feb 16, 2024","Feb 16, 2024","Feb 16, 2024","",""
"The Legend of Heroes: Trails of Cold Steel IV","Role-playing","Nihon Falcom","NIS America","Feb 16, 2024","Feb 16, 2024","Feb 16, 2024","",""
"Lego Horizon Adventures","Action-adventure","Guerrilla Games","Sony Interactive Entertainment","Nov 14, 2024","Nov 14, 2024","Nov 14, 2024","",""
"Lego Star Wars: The Skywalker Saga","Action-adventure","Traveller's Tales","WB Games","Apr 5, 2022","Apr 5, 2022","Apr 5, 2022","",""
"Lemnis Gate","First-person shooter","Ratloop Games Canada","Frontier Foundry","Sep 28, 2021","Sep 28, 2021","Sep 28, 2021","",""
"Lies of P","Soulslikeaction role-playing","Round 8 Studio","Neowiz","Sep 19, 2023","Sep 19, 2023","Sep 19, 2023","","[62]"
"Life Is Strange: Double Exposure","Graphic adventure","Deck Nine","Square Enix","Oct 29, 2024","Oct 29, 2024","Oct 29, 2024","",""
"Life Is Strange Remastered Collection","Graphic adventure","Don't NodDeck Nine","Square Enix","Unreleased","Feb 1, 2022","Feb 1, 2022","",""
"Life Is Strange: True Colors","Graphic adventure","Deck Nine","Square Enix","Sep 10, 2021","Sep 10, 2021","Sep 10, 2021","",""
"Like a Dragon: Infinite Wealth","Role-playing","Ryu Ga Gotoku Studio","Sega","Jan 26, 2024","Jan 26, 2024","Jan 26, 2024","",""
"Like a Dragon Gaiden: The Man Who Erased His Name","Action-adventure","Ryu Ga Gotoku Studio","Sega","Nov 9, 2023","Nov 9, 2023","Nov 9, 2023","",""
"Like a Dragon: Ishin!","Action-adventure","Ryu Ga Gotoku Studio","Sega","Feb 22, 2023","Feb 21, 2023","Feb 21, 2023","",""
"Like a Dragon: Pirate Yakuza in Hawaii","Action-adventurebeat 'em up","Ryu Ga Gotoku Studio","Sega","Feb 28, 2025","Feb 28, 2025","Feb 28, 2025","",""
"Lil' Guardsman","Puzzle","Hilltop Studios","Versus EviltinyBuild Inc.","Unreleased","Jan 23, 2024","Jan 23, 2024","",""
"Lineage W","Massively multiplayer online role-playing","NCSoft","NCsoft","TBA","TBA","TBA","CP",""
"Lisa: Definitive Edition","Role-playing","Dingaling Productions","Serenity Forge","Unreleased","Jul 18, 2023","Jul 18, 2023","",""
"Little Devil Inside","Action-adventure","Neostream Interactive","Neostream Interactive","TBA","TBA","TBA","",""
"Little Nightmares II","Puzzle-platformersurvival horror","Tarsier Studios","Bandai Namco Entertainment","Aug 25, 2021","Aug 25, 2021","Aug 25, 2021","CB",""
"The Lord of the Rings: Gollum","Action-adventure","Daedalic Entertainment","Daedalic Entertainment","May 25, 2023","May 25, 2023","May 25, 2023","",""
"Lords of the Fallen Remake","Action role-playing","Hexworks","CI Games","Oct 13, 2023","Oct 13, 2023","Oct 13, 2023","","[63]"
"Lost in Random","Action-adventure","Zoink","Electronic Arts","Sep 10, 2021","Sep 10, 2021","Sep 10, 2021","",""
"Lost Judgment","Action-adventure","Ryu Ga Gotoku Studio","Sega","Sep 24, 2021","Sep 24, 2021","Sep 24, 2021","CB",""
"Lost Records: Bloom & Rage","Adventure","Don't Nod Montréal","Don't Nod","Feb 18, 2025","Feb 18, 2025","Feb 18, 2025","",""
"Lost Soul Aside","Action","Ultizero Games","Ultizero Games","2024","2024","2024","",""
"Lunar Remastered Collection","Role-playing","Game Arts","GungHo Online Entertainment","2025","2025","2025","","[64]"
"Madden NFL 21","Sports","EA Tiburon","Electronic Arts","Dec 4, 2020","Dec 4, 2020","Dec 4, 2020","CB",""
"Madden NFL 22","Sports","EA Tiburon","Electronic Arts","Aug 20, 2021","Aug 20, 2021","Aug 20, 2021","",""
"Madden NFL 23","Sports","EA Tiburon","Electronic Arts","Aug 19, 2022","Aug 19, 2022","Aug 19, 2022","",""
"Madden NFL 24","Sports","EA Tiburon","EA Sports","Aug 18, 2023","Aug 18, 2023","Aug 18, 2023","",""
"Madden NFL 25","Sports","EA Tiburon","EA Sports","Aug 16, 2024","Aug 16, 2024","Aug 16, 2024","",""
"Maid of Sker","Survival horror","Wales Interactive","Wales Interactive","Unreleased","May 26, 2021","May 26, 2021","",""
"The Making of Karateka","Action","Digital Eclipse","Digital Eclipse","Aug 29, 2023","Aug 29, 2023","Aug 29, 2023","","[65][66]"
"Maneater","Action role-playing","Tripwire InteractiveBlindside Interactive","Tripwire Interactive","Dec 16, 2020","Nov 12, 2020","Nov 19, 2020","CB",""
"Manifold Garden","Puzzle","William Chyr Studio","William Chyr Studio","May 20, 2021","May 20, 2021","May 20, 2021","CB",""
"Maquette","Puzzle","Graceful Decay","Annapurna Interactive","Mar 2, 2021","Mar 2, 2021","Mar 2, 2021","",""
"Martha Is Dead","Psychological horror","LKA","Wired Productions","Feb 24, 2022","Feb 24, 2022","Feb 24, 2022","","[67]"
"Matchpoint: Tennis Championships","Sports","Torus Games","Kalypso Media","Jun 6, 2022","Jun 6, 2022","Jun 6, 2022","","[68]"
"Untitled Max Payne Remake","Third-person shooter","Remedy Entertainment","Rockstar Games","TBA","TBA","TBA","",""
"MechWarrior 5: Mercenaries","Vehicle simulation","Piranha Games","Piranha Games","Sep 23, 2021","Sep 23, 2021","Sep 23, 2021","",""
"The Medium","Psychological horror","Bloober Team","Bloober Team","Unreleased","Sep 3, 2021","Sep 3, 2021","",""
"Megaton Musashi","Action role-playing","Level-5","Level-5","TBA","Unreleased","Unreleased","","[69]"
"A Memoir Blue","Interactive drama","Cloisters Interactive","Annapurna Interactive","Mar 24, 2022","Mar 24, 2022","Mar 24, 2022","",""
"Metal: Hellsinger","First-person shooterrhythm","The Outriders","Funcom","Sep 15, 2022","Sep 15, 2022","Sep 15, 2022","","[67][70]"
"Metallic Child","Actionroguelike","Studio HG","Crest","TBA","TBA","TBA","","[71]"
"Metaphor: ReFantazio","Role-playing","Studio Zero","Sega","Oct 11, 2024","Oct 11, 2024","Oct 11, 2024","",""
"Metro Exodus Complete Edition","First-person shootersurvival horror","4A Games","Deep Silver","Jun 18, 2021","Jun 18, 2021","Jun 18, 2021","CB",""
"MicroMan","Action-adventuresurvival","Glob Games Studios","Glob Games Studios","TBA","TBA","TBA","","[55]"
"Marvel's Midnight Suns","Tactical role-playing","Firaxis Games","2K","Dec 2, 2022","Dec 2, 2022","Dec 2, 2022","",""
"MLB The Show 21","Sports","San Diego Studio","Sony Interactive Entertainment","Apr 20, 2021","Apr 20, 2021","Apr 20, 2021","CP",""
"MLB The Show 22","Sports","San Diego Studio","Sony Interactive Entertainment","Apr 5, 2022","Apr 5, 2022","Apr 5, 2022","CP",""
"MLB The Show 23","Sports","San Diego Studio","Sony Interactive Entertainment","Mar 28, 2023","Mar 28, 2023","Mar 28, 2023","CP",""
"MLB The Show 24","Sports","San Diego Studio","Sony Interactive Entertainment","Mar 19, 2024","Mar 19, 2024","Mar 19, 2024","CP",""
"Mobile Suit Gundam: Battle Operation 2","Third-person shooter","Bandai Namco Studios","Bandai Namco Entertainment","Jan 28, 2021","Jan 28, 2021","Jan 28, 2021","",""
"Mobile Suit Gundam: Battle Operation Code Fairy Volume 1","Action","Bandai Namco Studios","Bandai Namco Entertainment","Nov 5, 2021","Nov 5, 2021","Nov 5, 2021","","[72][73]"
"Mobile Suit Gundam: Battle Operation Code Fairy Volume 2","Action","Bandai Namco Studios","Bandai Namco Entertainment","Nov 19, 2021","Nov 19, 2021","Nov 19, 2021","","[73]"
"Mobile Suit Gundam: Battle Operation Code Fairy Volume 3","Action","Bandai Namco Studios","Bandai Namco Entertainment","Dec 3, 2021","Dec 3, 2021","Dec 3, 2021","","[73]"
"Monark","Role-playing","Lancarse","JP: FuRyuWW: NIS America","Oct 14, 2021","Feb 22, 2022","Feb 25, 2022","","[74]"
"Monopoly Madness","Board game","Engine Software","Ubisoft","Dec 9, 2021","Dec 9, 2021","Dec 9, 2021","",""
"Monster Boy and the Cursed Kingdom","Platform","Game Atelier","FDG Entertainment","Dec 2, 2021","Dec 2, 2021","Dec 2, 2021","CB",""
"Monster Energy Supercross: The Official Videogame 4","Racing","Milestone","Milestone","Mar 11, 2021","Mar 11, 2021","Mar 11, 2021","",""
"Monster Hunter Rise","Action role-playing","Capcom","Capcom","Jan 20, 2023","Jan 20, 2023","Jan 20, 2023","",""
"Monster Hunter Wilds","Action role-playing","Capcom","Capcom","Feb 28, 2025","Feb 28, 2025","Feb 28, 2025","",""
"Monster Truck Championship","Racing","Maximum Games","Maximum Games","Unreleased","Mar 16, 2021","Mar 11, 2021","",""
"Mortal Kombat 1","Fighting","NetherRealm Studios","WB Games","Unreleased","Sep 19, 2023","Sep 19, 2023","",""
"Mortal Kombat 11","Fighting","NetherRealm Studios","WB Games","Unreleased","Nov 17, 2020","Nov 19, 2020","CB   CP",""
"Mortal Shell: Enhanced Edition","Action role-playing","Cold Symmetry","Playstack","May 20, 2021","Mar 4, 2021","Mar 4, 2021","",""
"MotoGP 21","Racing","Milestone","Milestone","May 12, 2021","Apr 22, 2021","Apr 22, 2021","",""
"Mr. Driller Drill Land","Puzzle","Bandai Namco Entertainment","Bandai Namco Entertainment","Nov 4, 2021","Nov 4, 2021","Nov 4, 2021","","[75]"
"MultiVersus","Fighting","Player First Games","WB Games","Unreleased","Jul 26, 2022","Jul 26, 2022","CP",""
"Mundaun","Adventurehorror","Hidden Fields","MVM Interactive","Mar 16, 2021","Mar 16, 2021","Mar 16, 2021","",""
"MXGP 2020","Racing","Milestone","Milestone","Jan 14, 2021","Jan 14, 2021","Jan 14, 2021","",""
"MX vs. ATV Legends","Racing","Rainbow Studios","THQ Nordic","Jun 28, 2022","Jun 28, 2022","Jun 28, 2022","",""
"My Time at Sandrock","Role-playingsimulation","Pathea Games","Pathea Games","Sep 26, 2023","Sep 26, 2023","Sep 26, 2023","",""
"Naruto x Boruto: Ultimate Ninja Storm Connections","Fighting","CyberConnect2","Bandai Namco Entertainment","Nov 17, 2023","Nov 17, 2023","Nov 17, 2023","",""
"NBA 2K21","Sports","Visual Concepts","2K Sports","Nov 12, 2020","Nov 12, 2020","Nov 19, 2020","",""
"NBA 2K22","Sports","Visual Concepts","2K Sports","Sep 10, 2021","Sep 10, 2021","Sep 10, 2021","",""
"NBA 2K23","Sports","Visual Concepts","2K Sports","Sep 9, 2022","Sep 9, 2022","Sep 9, 2022","",""
"NBA 2K24","Sports","Visual Concepts","2K Sports","Sep 8, 2023","Sep 8, 2023","Sep 8, 2023","",""
"NBA 2K25","Sports","Visual Concepts","2K Sports","Sep 6, 2024","Sep 6, 2024","Sep 6, 2024","",""
"Need for Speed Unbound","Racing","Criterion Games","Electronic Arts","Dec 2, 2022","Dec 2, 2022","Dec 2, 2022","CB",""
"Necromunda: Hired Gun","First-person shooter","Streum On Studio","Focus Home Interactive","Jun 1, 2021","Jun 1, 2021","Jun 1, 2021","",""
"Neptunia re★Verse","Role-playing","Compile Heart","Compile Heart","Dec 17, 2020","Jun 8, 2021","Jun 11, 2021","",""
"Neptunia Shooter","Shoot 'em up","Idea Factory International","Idea Factory","Dec 17, 2020","Jun 8, 2021","Jun 11, 2021","",""
"Neptunia: Sisters vs Sisters","Role-playing","Compile Heart","Idea Factory","Apr 21, 2022","Jan 24, 2023","Jan 24, 2023","",""
"Neon Bash","Brain TrainingArcade","Aristo Studio","Aristo Studio","May 24, 2024","May 24, 2024","May 24, 2024","",""
"Nerf Legends","First-person shooter","Fun Labs","NA: GameMill EntertainmentEU: Maximum GamesFRA: Just For Games","Unreleased","Nov 19, 2021","Nov 19, 2021","","[76]"
"Nexomon","Role-playing","Vewo Interactive","PQube","Sep 17, 2021","Sep 17, 2021","Sep 17, 2021","","[77]"
"NHL 22","Sports","EA Vancouver","Electronic Arts","Oct 15, 2021","Oct 15, 2021","Oct 15, 2021","","[78]"
"NHL 23","Sports","EA Vancouver","Electronic Arts","Oct 14, 2022","Oct 14, 2022","Oct 14, 2022","",""
"NHL 24","Sports","EA Vancouver","Electronic Arts","Oct 13, 2023","Oct 13, 2023","Oct 13, 2023","",""
"NHL 25","Sports","EA Vancouver","Electronic Arts","Oct 4, 2024","Oct 4, 2024","Oct 4, 2024","",""
"Nickelodeon All-Star Brawl","Fighting","Fair Play LabsLudosity","NA: GameMill EntertainmentEU: Maximum GamesFRA: Just For Games","Nov 24, 2022","Oct 5, 2021","Oct 5, 2021","",""
"Nickelodeon All-Star Brawl 2","Fighting","Fair Play Labs","NA: GameMill EntertainmentEU: Maximum Games","Unreleased","Nov 7, 2023","Nov 7, 2023","",""
"Nickelodeon Kart Racers 3: Slime Speedway","Kart racing","Bamtang Games","NA: GameMill EntertainmentEU: Maximum Games","Unreleased","Oct 7, 2022","Oct 7, 2022","",""
"Nikoderiko: The Magical World","3D platformerAction-adventure","Vea Games","Knights Peak","Oct 15, 2024","Oct 15, 2024","Oct 15, 2024",""
"The Nioh Collection","Action role-playinghack and slash","Team Ninja","Sony Interactive EntertainmentKoei Tecmo","Feb 5, 2021","Feb 5, 2021","Feb 5, 2021","",""
"Nobody Saves the World","Action role-playing","Drinkbox Studios","Drinkbox Studios","Apr 14, 2022","Apr 14, 2022","Apr 14, 2022","",""
"No Man's Sky","Action-adventuresurvival","Hello Games","Hello Games","Nov 12, 2020","Nov 12, 2020","Nov 19, 2020","CB   CP",""
"No More Heroes III","Action-adventure","Grasshopper Manufacture","Marvelous","Oct 10, 2022","Oct 10, 2022","Oct 10, 2022","",""
"Nour: Play With Your Food","Exploration","Terrifying Jellyfish","Panic","Sep 12, 2023","Sep 12, 2023","Sep 12, 2023","","[55]"
"Observer: System Redux","Psychological horror","Bloober Team","Aspyr","Nov 12, 2020","Nov 12, 2020","Nov 19, 2020","",""
"Octopath Traveler II","Role-playing","AcquireSquare Enix","Square Enix","Feb 24, 2023","Feb 24, 2023","Feb 24, 2023","",""
"Oddworld: Soulstorm","Platform","Oddworld Inhabitants","Oddworld Inhabitants","Apr 6, 2021","Apr 6, 2021","Apr 6, 2021","",""
"OlliOlli World","Sports","Roll7","Private Division","Feb 8, 2022","Feb 8, 2022","Feb 8, 2022","",""
"One Piece Odyssey","Role-playing","ILCA","Bandai Namco Entertainment","Jan 12, 2023","Jan 13, 2023","Jan 13, 2023","","[79]"
"Open Roads","Mystery-thriller","Fullbright","Annapurna Interactive","Mar 28, 2024","Mar 28, 2024","Mar 28, 2024","",""
"Operation: Tango","Adventure","Clever Plays","Clever Plays","Jun 1, 2021","Jun 1, 2021","Jun 1, 2021","",""
"Orcs Must Die! 3","Tower defense","Robot Entertainment","Robot Entertainment","Jul 23, 2021","Jul 23, 2021","Jul 23, 2021","",""
"Outbreak","Horror","Dead Drop Studios","Dead Drop Studios","Unreleased","Jan 14, 2021","Jan 14, 2021","",""
"Outbreak: Epidemic","Horror","Dead Drop Studios","Dead Drop Studios","Unreleased","Dec 24, 2020","Dec 24, 2020","",""
"Outbreak: Lost Hope","Horror","Dead Drop Studios","Dead Drop Studios","Unreleased","Jan 7, 2021","Jan 7, 2021","",""
"Outbreak: The New Nightmare","Horror","Dead Drop Studios","Dead Drop Studios","Unreleased","Dec 17, 2020","Dec 17, 2020","",""
"Outbreak: The Nightmare Chronicles","Horror","Dead Drop Studios","Dead Drop Studios","Unreleased","Dec 31, 2020","Dec 31, 2020","",""
"Outcast 2: A New Beginning","Action-adventure","Appeal","THQ Nordic","Feb 5, 2024","Feb 5, 2024","Feb 5, 2024","","[80]"
"The Outlast Trials","Survival horror","Red Barrels","Red Barrels","Unreleased","Mar 5, 2024","Mar 5, 2024","",""
"Outriders","Third-person shooter","People Can Fly","Square Enix","Apr 1, 2021","Apr 1, 2021","Apr 1, 2021","CB   CP",""
"Overcooked! All You Can Eat","Actionfamily","Ghost Town GamesTeam17","Team17","Nov 12, 2020","Nov 12, 2020","Nov 19, 2020","CP",""
"Override 2: Super Mech League","Beat 'em up","Modus Studios Brazil","Modus Games","Dec 22, 2020","Dec 22, 2020","Dec 22, 2020","CB",""
"Oxenfree II: Lost Signals","Graphic adventure","Night School Studio","MWM Interactive","Jul 12, 2023","Jul 12, 2023","Jul 12, 2023","",""
"Paper Beast: Enhanced Edition","AdventureIndiePuzzleSimulationCasual","Pixel Reef","Plug In Digital","Sep 27, 2023","Sep 27, 2023","Sep 27, 2023","",""
"Pac-Man Mega Tunnel Battle: Chomp Champs","Mazebattle royale","Amber Studio","Bandai Namco Entertainment","2024","2024","2024","",""
"Pac-Man World Re-Pac","Platform gameCasual gameAdventure","Now ProductionBNE LLCNamco Hometek Inc.","Namco Bandai GamesBNE LLC","Aug 26, 2022","Aug 26, 2022","Aug 26, 2022","",""
"Paleo Pines","Role-playing gameIndie gameLife simulation gameAdventure gameCasual game","Italic Pig","Modus Games","Sep 26, 2023","Sep 26, 2023","Sep 26, 2023","",""
"Palworld","Survival","Pocketpair","Pocketpair","Sep 24, 2024","Sep 24, 2024","Sep 24, 2024","",""
"Panda Hero Remastered","Platform","Markt & Technik","Markt & Technik","Unreleased","Jan 22, 2021","Jan 23, 2021","",""
"Paw Patrol World","Action-Adventure","3DClouds","Outright Games","Sep 29, 2023","Sep 29, 2023","Sep 29, 2023","",""
"Paperman: Adventure Delivered","Action gameIndie gameCasual game","Secret Item Games","Mindscape","Sep 21, 2023","Sep 21, 2023","Sep 21, 2023","",""
"Payday 3","First-person shooter","Starbreeze Studios","Deep Silver","Unreleased","Sep 21, 2023","Sep 21, 2023","",""
"Park Beyond","Construction and management simulation","Limbic Entertainment","Bandai Namco Entertainment","Jun 16, 2023","Jun 16, 2023","Jun 16, 2023","","[81]"
"Pinball M","Simulation video game","Zen Studios","Zen Studios","Nov 30, 2023","Nov 30, 2023","Nov 30, 2023","",""
"Party Crasher Simulator","Simulation","Glob Games Studio","Glob Games Studio","TBA","TBA","TBA","","[14]"
"The Pathless","Action-adventure","Giant Squid","Annapurna Interactive","Nov 12, 2020","Nov 12, 2020","Nov 19, 2020","CB",""
"The Pedestrian","Puzzle platformer","Skookum Arts","Skookum Arts","Jan 28, 2021","Jan 29, 2021","Jan 29, 2021","",""
"Pentiment","Adventurerole-playing","Obsidian Entertainment","Xbox Game Studios","Feb 22, 2024","Feb 22, 2024","Feb 22, 2024","",""
"The Persistence Enhanced","Action-adventure","Firesprite","Perp Games","Unreleased","Jun 4, 2021","Jun 4, 2021","CB",""
"Persona 3 Reload","Role-playingsocial simulation","P-Studio","Sega","Feb 2, 2024","Feb 2, 2024","Feb 2, 2024","",""
"Persona 5 Royal","Role-Playing","Atlus","Sega","Oct 21, 2022","Oct 21, 2022","Oct 21, 2022","",""
"Persona 5 Tactica","Tactical Role-Playing","P-Studio","Sega","Nov 17, 2023","Nov 17, 2023","Nov 17, 2023","",""
"PGA Tour 2K23","Sports","HB Studios","2K","Oct 14, 2022","Oct 14, 2022","Oct 14, 2022","",""
"Ping Redux","Arcade","Nami Tentou","Nami Tentou","Unreleased","Feb 25, 2021","Unreleased","",""
"A Plague Tale: Innocence","Action-adventurestealthsurvival horror","Asobo Studio","Focus Home Interactive","Jul 6, 2021","Jul 6, 2021","Jul 6, 2021","",""
"A Plague Tale: Requiem","Action-adventurestealthsurvival horror","Asobo Studio","Focus Home Interactive","Oct 17, 2022","Oct 17, 2022","Oct 17, 2022","",""
"Planet Coaster: Console Edition","Construction and management simulation","Frontier Developments","Frontier Developments","Nov 12, 2020","Nov 12, 2020","Nov 19, 2020","CB",""
"Planet Coaster 2","Construction and management simulation","Frontier Developments","Frontier Developments","Nov 6, 2024","Nov 6, 2024","Nov 6, 2024","",""
"Planet Zoo: Console Edition","Construction and management simulation","Frontier Developments","Frontier Developments","Mar 26, 2024","Mar 26, 2024","Mar 26, 2024","",""
"Plumbers Don't Wear Ties","Visual novel","United Pixtures","Limited Run Games","Sep 22, 2023","Sep 22, 2023","Sep 22, 2023","",""
"Poker Club","Card & board","Ripstone","Ripstone","Unreleased","Nov 20, 2020","Nov 20, 2020","CB   CP","[33]"
"Poopy Time","Unique","Nostra Games LTD","Nostra Games LTD","Jun 19, 2024","Jun 19, 2024","Jun 19, 2024","",""
"Port Royale 4","Real-time strategy","Gaming Minds Studios","Kalypso Media","Sep 10, 2021","Sep 10, 2021","Sep 10, 2021","",""
"Professional Baseball Spirits 2024-2025","Sports","Konami","Pawapuro Production","Sep 18, 2024","Unreleased","Unreleased","",""
"PPA Pickball Tour 2025","Sports","FarSight Studios","FarSight Technologies","Unreleased","Jul 16, 2024","Jul 16, 2024","",""
"Praey for the Gods","Action-adventuresurvival","No Matter Studios","No Matter Studios","Dec 14, 2021","Dec 14, 2021","Dec 14, 2021","CB",""
"Pragmata","Action-adventure","Capcom","Capcom","2026","2026","2026","",""
"Psikyo Shooting Collection","Arcadeshoot 'em up","Zerodiv","City Connection","TBA","TBA","TBA","",""
"Pumpkin Jack","Action-adventure game","Nicolas Meyssonnier","Headup Games","TBA","Oct 27, 2021","Oct 27, 2021","","[82]"
"Puyo Puyo Tetris 2","Puzzle","Sonic Team","Sega","Dec 10, 2020","Dec 8, 2020","Dec 8, 2020","CB",""
"Puzzle Bobble 3D: Vacation Odyssey","Puzzle","ININ Games","Taito Corporation","Oct 7, 2021","Oct 5, 2021","Oct 5, 2021","",""
"Puzzle Vacations: France","Puzzle","OCEAN MEDIA LLC","OCEAN MEDIA LLC","Sep 1, 2024","Sep 1, 2024","Sep 1, 2024","",""
"Puzzle Vacations: Japan","Puzzle","OCEAN MEDIA LLC","OCEAN MEDIA LLC","Unreleased","Nov 4, 2023","Nov 4, 2023","",""
"Puzzle Vacations: Nordics","Puzzle","OCEAN MEDIA LLC","OCEAN MEDIA LLC","Sep 1, 2024","Sep 1, 2024","Sep 1, 2024","",""
"Quake","First-person shooter","id SoftwareNightdive Studios","Bethesda Softworks","Oct 12, 2021","Oct 12, 2021","Oct 12, 2021","CB",""
"Quantum Error","First-person shooter","TeamKill Media","TeamKill Media","Nov 3, 2023","Nov 3, 2023","Nov 3, 2023","","[33]"
"R-Type Final 3 Evolved","Shoot 'em up","Granzella","JP: GranzellaWW: NIS America","Mar 23, 2023","Apr 25, 2023","Apr 28, 2023","","[83][84]"
"Rally Racing","DrivingRacing","Interactive Dreams Limited","Interactive Dreams Limited","Unreleased","Aug 23, 2021","Aug 23, 2021","",""
"Ratchet & Clank: Rift Apart","Action-adventureplatform","Insomniac Games","Sony Interactive Entertainment","Jun 11, 2021","Jun 11, 2021","Jun 11, 2021","",""
"Rage of the Dragons","Fighting","Noise Factory","Piko Interactive","TBA","TBA","TBA","",""
"Read Only Memories: Neurodiver","Adventure","MidBoss","MidBoss","2024","2024","2024","",""
"Record of Lodoss War: Deedlit in Wonder Labyrinth","Metroidvania","Team LadybugWhy So Serious?","Playism","Dec 16, 2021","Dec 16, 2021","Dec 16, 2021","","[85]"
"Recompile","Platformer","Phigames","Phigames","Aug 19, 2021","Aug 19, 2021","Aug 19, 2021","","[33]"
"Redout 2","Racing","Saber Interactive","34BigThings","Jun 16, 2022","Jun 16, 2022","Jun 16, 2022","",""
"Relayer","Tactical role-playing","Kadokawa Games","JP: Kadokawa GamesWW: Clouded Leopard Entertainment","Mar 24, 2022","Mar 24, 2022","Mar 24, 2022","CB","[86]"
"Remnant 2","Third-person shooterAction role-playing","Gunfire Games","Gearbox Publishing San Francisco","Jul 25, 2023","Jul 25, 2023","Jul 25, 2023","",""
"Renzo Racer","Arcaderacing","EnsenaSoft","Joindots","Unreleased","Jan 25, 2021","Jan 25, 2021","",""
"Resident Evil 2","Survival horror","Capcom","Capcom","Jun 14, 2022","Jun 13, 2022","Jun 14, 2022","CB",""
"Resident Evil 3","Survival horror","Capcom","Capcom","Jun 14, 2022","Jun 13, 2022","Jun 14, 2022","CB",""
"Resident Evil 4","Survival horror","Capcom","Capcom","Mar 24, 2023","Mar 24, 2023","Mar 24, 2023","",""
"Resident Evil 7: Biohazard","Survival horror","Capcom","Capcom","Jun 14, 2022","Jun 13, 2022","Jun 14, 2022","CB",""
"Resident Evil Village","Survival horror","Capcom","Capcom","May 7, 2021","May 7, 2021","May 7, 2021","CB",""
"Returnal","Third-person shooter","Housemarque","Sony Interactive Entertainment","Apr 30, 2021","Apr 30, 2021","Apr 30, 2021","",""
"Ride 4","Racing","Milestone","Milestone","Jan 21, 2021","Jan 21, 2021","Jan 21, 2021","CB",""
"Ride 5","Racing","Milestone","Milestone","Aug 24, 2023","Aug 24, 2023","Aug 24, 2023","",""
"Riders Republic","Racing","Ubisoft Annecy","Ubisoft","Oct 28, 2021","Oct 28, 2021","Oct 28, 2021","CB",""
"The Riftbreaker","Action-adventure","EXOR Studios","EXOR Studios","Oct 13, 2021","Oct 14, 2021","Oct 14, 2021","",""
"RiMS Racing","Racing","RaceWard Studio","Nacon","Aug 19, 2021","Aug 19, 2021","Aug 19, 2021","",""
"Rise of the Ronin","Action role-playing","Team Ninja","Sony Interactive Entertainment","Mar 22, 2024","Mar 22, 2024","Mar 22, 2024","","[87]"
"Rise of the Slime","Adventureroguelike","Bunkovsky Games","Playstack","Unreleased","May 28, 2021","May 28, 2021","",""
"River City Girls","Beat 'em up","WayForward","Arc System Works","Jan 18, 2022","Jan 18, 2022","Jan 18, 2022","",""
"River City Girls 2","Beat 'em up","WayForward","Arc System Works","Dec 1, 2022","Dec 15, 2022","Dec 15, 2022","","[88]"
"RoboCop: Rogue City","First-person shooter","Teyon","Nacon","Nov 2, 2023","Nov 2, 2023","Nov 2, 2023","",""
"Rogue Company","Third-person shooter","First Watch Games","Hi-Rez Studios","Mar 30, 2021","Mar 30, 2021","Mar 30, 2021","",""
"Romancelvania: BATchelor's Curse","Metroidvaniabase-building","Deep End Games","Deep End Games","Unreleased","Mar 7, 2023","Mar 7, 2023","","[89]"
"Roots of Pacha","Role-playingfarming simulation","Soda Den","Crytivo","Nov 28, 2023","Nov 28, 2023","Nov 28, 2023","","[67]"
"Rugby 22","Sports","Eko Software","Nacon","Jan 27, 2022","Jan 27, 2022","Jan 27, 2022","",""
"Ruined King: A League of Legends Story","Role-playing","Airship Syndicate","Riot Forge","Nov 16, 2021","Nov 16, 2021","Nov 16, 2021","",""
"Ruinverse","Role-playing","Exe Create","Kemco","Mar 31, 2021","Apr 1, 2021","Apr 1, 2021","CB",""
"The Rumble Fish 2","Fighting","Dimps","3goo","Dec 8, 2022","Dec 8, 2022","Dec 8, 2022","",""
"RWBY: Arrowfell","Metroidvania","WayForward","Arc System Works","Nov 15, 2022","Nov 15, 2022","Nov 15, 2022","",""
"Sackboy: A Big Adventure","3D platformer","Sumo Digital","Sony Interactive Entertainment","Nov 12, 2020","Nov 12, 2020","Nov 19, 2020","CB  CP",""
"Saints Row","Action-adventure","Volition","Deep Silver","Aug 23, 2022","Aug 23, 2022","Aug 23, 2022","",""
"Saints Row: The Third Remastered","Action-adventure","Volition","Deep Silver","May 25, 2021","May 25, 2021","May 25, 2021","CB",""
"Salt and Sacrifice","Action role-playingmetroidvania","Ska Studios","Ska Studios","May 10, 2022","May 10, 2022","May 10, 2022","",""
"Sakura Succubus","AdventureAdult","Winged Cloud","Gamuzumi","Apr 4, 2021","Apr 4, 2021","Apr 4, 2021","",""
"Sakura Succubus II","AdventureAdult","Winged Cloud","Gamuzumi","May 19, 2021","May 19, 2021","May 19, 2021","",""
"Sakura Succubus III","AdventureAdult","Winged Cloud","Gamuzumi","Jun 23, 2021","Jun 23, 2021","Jun 23, 2021","",""
"Sakura Succubus IV","AdventureAdult","Winged Cloud","Gamuzumi","Mar 1, 2022","Mar 1, 2022","Mar 1, 2022","",""
"Sakura Succubus V","AdventureAdult","Winged Cloud","Gamuzumi","Apr 4, 2022","Apr 4, 2022","Apr 4, 2022","",""
"Sakura Succubus VI","AdventureAdult","Winged Cloud","Gamuzumi","Jul 11, 2022","Jul 11, 2022","Jul 11, 2022","",""
"Sakura Succubus VII","AdventureAdult","Winged Cloud","Gamuzumi","Feb 28, 2024","Feb 28, 2024","Feb 28, 2024","",""
"Sand Land","Action role-playing","ILCA","Bandai Namco Entertainment","Apr 25, 2024","Apr 26, 2024","Apr 26, 2024","",""
"Sea of Thieves","Action-adventure","Rare","Xbox Game Studios","Apr 30, 2024","Apr 30, 2024","Apr 30, 2024","",""
"SpellForce: Conquest of Eo","StrategyRole-playingAdventure","Owned by Gravity","THQ Nordic","Unreleased","Nov 7, 2023","Nov 7, 2023","",""
"Samurai Gunn 2","Platformfighter","YellowAfterlife","YellowAfterlife","TBA","TBA","TBA","",""
"Scatch: The Painter Cat","Puzzle","Isaias Game Dev","Colossus Game Studio","Jan 8, 2024","Jan 8, 2024","Jan 8, 2024","",""
"Scott Pilgrim vs. the World: The Game - Complete Edition","Beat 'em up","Ubisoft","Ubisoft","Jan 14, 2021","Jan 14, 2021","Jan 14, 2021","",""
"Season: A Letter to the Future","Adventure","Scavengers studio","Scavengers studio","Jan 31, 2023","Jan 31, 2023","Jan 31, 2023","",""
"Sephonie","Puzzle-platform","Analgesic Productions","Ratalaika Games","Jul 21, 2023","Jul 21, 2023","Jul 21, 2023","","[90]"
"Serious Sam 4","First-person shooter","Croteam","Devolver Digital","Dec 7, 2021","Dec 7, 2021","Dec 7, 2021","",""
"Shakedown: Hawaii","Action-adventure","Vblank Entertainment","Vblank Entertainment","Dec 15, 2020","Dec 15, 2020","Dec 15, 2020","CB",""
"Shantae","Platform","WayForward","WayForward","Unreleased","Jun 2, 2023","Jun 2, 2023","",""
"Shantae Advance: Risky Revolution","Platform","WayForward","WayForward","Unreleased","2024","2024","",""
"Shattered – Tale of the Forgotten King","Action role-playing","Redlock Studio","Forthright Entertainment","Unreleased","Apr 22, 2022","Apr 22, 2022","","[91]"
"Sherlock Holmes: The Awakened","Adventure","Frogwares","Frogwares","Apr 11, 2023","Apr 11, 2023","Apr 11, 2023","",""
"Sherlock Holmes: Chapter One","Adventure","Frogwares","Frogwares","Nov 16, 2021","Nov 16, 2021","Nov 16, 2021","",""
"Shing!","Beat 'em up","Mass Creation","Mass Creation","Unreleased","Mar 18, 2021","Mar 18, 2021","",""
"Showa American Story","Action role-playing","Nekcom","2P Games","TBA","TBA","TBA","","[92]"
"Sifu","Beat 'em up","Sloclap","Sloclap","Feb 8, 2022","Feb 8, 2022","Feb 8, 2022","CB",""
"Silent Hill 2","Survival horror","Bloober Team","Konami","Oct 8, 2024","Oct 8, 2024","Oct 8, 2024","",""
"Sinfeld Remastered","Actionhorror","RareBird Games","RareBird Games","Unreleased","TBA","TBA","",""
"Skull and Bones","Action-adventure","Ubisoft Singapore","Ubisoft","Feb 16, 2024","Feb 16, 2024","Feb 16, 2024","",""
"Slave Zero X","Action","Poppy Works","Ziggurat Interactive, Inc.","Feb 18, 2024","Feb 18, 2024","Feb 18, 2024","",""
"Smelter","Actionstrategy","X Plus","Dangen Entertainment","Sep 1, 2021","Sep 1, 2021","Sep 1, 2021","","[93]"
"Smalland: Survive the Wilds","Survival game","Merge Games","Merge Games","Dec 8, 2023","Dec 8, 2023","Dec 8, 2023","",""
"The Smurfs: Dreams","Action-adventure","Ocellus Studio","Microïds","Oct 24, 2024","Oct 24, 2024","Oct 24, 2024","",""
"The Smurfs: Mission Vileaf","Action-adventure","OSome Studio","Microids","Apr 14, 2022","Dec 14, 2021","Dec 2, 2021","",""
"The Smurfs 2: The Prisoner of the Green Stone","Action-adventure","OSome Studio","Microids","Nov 2, 2023","Nov 2, 2023","Nov 2, 2023","",""
"Sniper Elite 5","Tactical shooterstealth","Rebellion Developments","Rebellion Developments","May 26, 2022","May 26, 2022","May 26, 2022","","[94]"
"Sniper Ghost Warrior Contracts 2","Tactical shooterstealth","CI Games","CI Games","Unreleased","Aug 24, 2021","Aug 24, 2021","",""
"Solar Ash","Action-adventure","Heart Machine","Annapurna Interactive","Dec 2, 2021","Dec 2, 2021","Dec 2, 2021","",""
"South Park: Snow Day!","Action","Question Games","THQ Nordic","Mar 26, 2024","Mar 26, 2024","Mar 26, 2024","",""
"Sonic Frontiers","Platform","Sonic Team","Sega","Nov 8, 2022","Nov 8, 2022","Nov 8, 2022","","[95]"
"Sonic Origins","Platform","Sonic Team","Sega","Jun 23, 2022","Jun 23, 2022","Jun 23, 2022","",""
"Sonic Origins Plus","Platform","Sonic Team","Sega","Jun 23, 2023","Jun 23, 2023","Jun 23, 2023","",""
"Sonic Superstars","Platform","Sonic Team","Sega","Oct 17, 2023","Oct 17, 2023","Oct 17, 2023","",""
"Sonic X Shadow Generations","Platform","Sonic Team","Sega","Oct 25, 2024","Oct 25, 2024","Oct 25, 2024","",""
"Soul Hackers 2","Role-playing","Atlus","Atlus","Aug 25, 2022","Aug 26, 2022","Aug 26, 2022","",""
"Soulstice","Action role-playing","Reply Game Studios","Modus Games","Nov 23, 2022","Sep 20, 2022","Sep 20, 2022","","[96]"
"Spacelords","Action-adventure","MercurySteam","MercurySteam","Nov 12, 2020","Nov 12, 2020","Nov 19, 2020","",""
"SpellForce 3 Reforced","Real-time strategyrole-playing","Grimlore Games","THQ Nordic","Mar 8, 2022","Mar 8, 2022","Mar 8, 2022","",""
"Marvel's Spider-Man 2","Action-adventure","Insomniac Games","Sony Interactive Entertainment","Oct 20, 2023","Oct 20, 2023","Oct 20, 2023","","[97]"
"Marvel's Spider-Man: Miles Morales","Action-adventure","Insomniac Games","Sony Interactive Entertainment","Nov 12, 2020","Nov 12, 2020","Nov 19, 2020","CB",""
"Marvel's Spider-Man Remastered","Action-adventure","Insomniac Games","Sony Interactive Entertainment","Nov 12, 2020","Nov 12, 2020","Nov 19, 2020","",""
"Spirit of the North: Enhanced Edition","Adventure","Infuse Studio","Merge Games","Nov 26, 2020","Nov 26, 2020","Nov 26, 2020","","[98]"
"Star Ocean: The Divine Force","Action role-playing","tri-Ace","Square Enix","Oct 27, 2022","Oct 27, 2022","Oct 27, 2022","",""
"SRX: The Game","Racing","Monster Games","Monster Games","Unreleased","May 28, 2021","May 28, 2021","",""
"Star Wars: Battlefront Classic Collection[c]","First-person shooterThird-person shooter","Aspyr","Aspyr","Mar 14, 2024","Mar 14, 2024","Mar 14, 2024","","[99]"
"Star Wars: Knights of the Old Republic — Remake","Role-playing","Aspyr","Sony Interactive Entertainment","TBA","TBA","TBA","",""
"Star Wars Jedi: Fallen Order","Action-adventure","Respawn EntertainmentPanic Button","Electronic Arts","Jun 11, 2021","Jun 11, 2021","Jun 11, 2021","CB",""
"Star Wars Jedi: Survivor","Action-adventure","Respawn Entertainment","Electronic Arts","Apr 28, 2023","Apr 28, 2023","Apr 28, 2023","",""
"Steelrising","Action role-playingsoulslike","Spiders","Nacon","Sep 8, 2022","Sep 8, 2022","Sep 8, 2022","","[33]"
"The Stone of Madness","Strategystealth","Teku Studios","Merge Games","TBA","TBA","TBA","","[14]"
"Stellar Blade","Action-adventure","Shift Up","Sony Interactive Entertainment","Apr 26, 2024","Apr 26, 2024","Apr 26, 2024","","[100]"
"Stonefly","Action-adventure","Flight School Studios","MWM Interactive","Jun 1, 2021","Jun 1, 2021","Jun 1, 2021","",""
"Side Bullet","ActionShooter","PressA","PressA","Oct 4, 2023","Oct 4, 2023","Oct 4, 2023","",""
"Stories from Sol: The Gun-Dog","Adventure","Space Colony Studios","Astrolabe Games","Feb 20, 2025","Feb 20, 2025","Feb 20, 2025","",""
"Stranger of Paradise: Final Fantasy Origin","Action role-playing","Team Ninja","Square Enix","Mar 18, 2022","Mar 18, 2022","Mar 18, 2022","",""
"Stray","Adventurepuzzle","BlueTwelve","Annapurna Interactive","Jul 19, 2022","Jul 19, 2022","Jul 19, 2022","",""
"Stray Blade","Action role-playing","Point Blank","505 Games","Apr 20, 2023","Apr 20, 2023","Apr 20, 2023","","[101]"
"Street Fighter 6","Fighting","Capcom","Capcom","Jun 2, 2023","Jun 2, 2023","Jun 2, 2023","",""
"Street Outlaws 2: Winner Takes All","Racing","Team6 Game Studios","NA: GameMill EntertainmentEU: Maximum GamesFRA: Just For Games","Unreleased","Sep 21, 2021","Sep 21, 2021","",""
"Subnautica","Action-adventure","Unknown Worlds Entertainment","Unknown Worlds EntertainmentGearbox Publishing","May 14, 2021","May 14, 2021","May 14, 2021","CB",""
"Subnautica: Below Zero","Action-adventure","Unknown Worlds Entertainment","Unknown Worlds EntertainmentBandai Namco Entertainment","May 14, 2021","May 14, 2021","May 14, 2021","CB",""
"Suicide Squad: Kill the Justice League","Action-adventure","Rocksteady Studios","WB Games","Feb 2, 2024","Feb 2, 2024","Feb 2, 2024","",""
"Suikoden I&II HD Remaster Gate Rune and Dunan Unification Wars","Role Playing Games","Konami Digital Entertainment","Konami Digital Entertainment","Mar 6, 2025","Mar 6, 2025","Mar 6, 2025","",""
"Sumatra: Fate of Yandi","Adventure","Ratalaika Games","Ratalaika Games","Unreleased","Mar 18, 2021","Mar 18, 2021","",""
"Super Animal Royale","Battle royale","Pixile","Modus Games","Aug 26, 2021","Aug 26, 2021","Aug 26, 2021","",""
"Super Bomberman R 2","Actionmaze","Konami","Konami","Sep 12, 2023","Sep 12, 2023","Sep 12, 2023","","[102]"
"Super Monkey Ball: Banana Mania","Platform","Ryu Ga Gotoku Studio","Sega","Oct 7, 2021","Oct 5, 2021","Oct 5, 2021","",""
"Super Sami Roll","Platform","Sonzai Games","Sonzai GamesX Plus","Unreleased","Nov 4, 2021","Nov 4, 2021","","[103]"
"Survivor: Castaway Island","Adventure","Magic Pockets","Microids","TBA","TBA","TBA","",""
"Sword Art Online: Fractured Daydream","Action role-playing","Dimps","Bandai Namco Entertainment","Oct 4, 2024","Oct 4, 2024","Oct 4, 2024","",""
"Sword Art Online: Last Recollection","Action role-playing","Aquria","Bandai Namco Entertainment","Oct 5, 2023","Oct 6, 2023","Oct 6, 2023","","[104]"
"Sword of the Necromancer","Roguelikerole-playing","Grimorio of Games","JanduSoft","TBA","TBA","TBA","","[14]"
"Synduality","Third-person shooter","Bandai Namco Studios","Bandai Namco Entertainment","TBA","TBA","TBA","",""
"Tails of Iron","Action role-playing","Odd Bug Studio","United Label","Unreleased","Sep 16, 2021","Sep 16, 2021","CB","[105]"
"Tales of Arise","Action role-playing","Bandai Namco Studios","Bandai Namco Entertainment","Sep 9, 2021","Sep 10, 2021","Sep 10, 2021","",""
"Tales of Kenzera: Zau","Metroidvania","Surgent Studios","EA Originals","Apr 23, 2024","Apr 23, 2024","Apr 23, 2024","",""
"The Talos Principle 2","Puzzle","Croteam","Devolver Digital","Nov 2, 2023","Nov 2, 2023","Nov 2, 2023","","[106]"
"Tchia","Adventure","Awaceb","Awaceb","Mar 21, 2023","Mar 21, 2023","Mar 21, 2023","","[107]"
"Teenage Mutant Ninja Turtles Arcade: Wrath of the Mutants","Fighting","Raw Thrills","GameMill Entertainment","Jun 28, 2024","Apr 23, 2024","Apr 23, 2024","",""
"Tekken 8","Fighting","Bandai Namco Studios","Bandai Namco Entertainment","Jan 26, 2024","Jan 26, 2024","Jan 26, 2024","",""
"Truck Driver: The American Dream","Simulation video game","Kyodai Limited","Soedesco","Unreleased","Sep 26, 2023","Unreleased","",""
"Temtem","Adventurecreature collection","Crema","Humble Games","Dec 8, 2020","Dec 8, 2020","Dec 8, 2020","",""
"Terminator: Resistance Enhanced","First-person shooter","Teyon","Reef Entertainment","Unreleased","Apr 30, 2021","Apr 30, 2021","CB",""
"Tesla Force","Shooter","10tons","10tons","Unreleased","Nov 24, 2020","Nov 24, 2020","CB","[22]"
"Tesla vs Lovecraft","Actionarcadeshooter","10tons","10tons","Unreleased","Dec 4, 2020","Dec 4, 2020","",""
"Test Drive Unlimited Solar Crown","Racing","Kylotonn","Nacon","2024","2024","2024","",""
"Tin Hearts","Puzzle","Rogue Sun","Wired Productions","May 16, 2023","May 16, 2023","May 16, 2023","",""
"Tiny Tina's Wonderlands","Action role-playingfantasyshooter","Gearbox Software","2K","Mar 25, 2022","Mar 25, 2022","Mar 25, 2022","",""
"TOEM","Adventure","Something We Made","Something We Made","Unreleased","Sep 17, 2021","Sep 17, 2021","",""
"Tom Clancy's Rainbow Six Extraction","Tactical shooter","Ubisoft Montreal","Ubisoft","Jan 20, 2022","Jan 20, 2022","Jan 20, 2022","CP",""
"Tom Clancy's Rainbow Six Siege","Tactical shooter","Ubisoft Montreal","Ubisoft","Dec 1, 2020","Dec 1, 2020","Dec 1, 2020","CB",""
"Tomb Raider I–III Remastered","ShooterPuzzleAdventurePlatform","Aspyr","Aspyr","Feb 14, 2024","Feb 14, 2024","Feb 14, 2024","",""
"Tony Hawk's Pro Skater 1 + 2","Sports","Vicarious Visions","Activision","Mar 26, 2021","Mar 26, 2021","Mar 26, 2021","",""
"TopSpin 2K25","SportsSimulation","Hungar 13","2K","Apr 26, 2024","Apr 26, 2024","Apr 26, 2024","",""
"Tormented Souls","Survival horror","Dual EffectAbstract Digital","PQube","Aug 27, 2021","Aug 27, 2021","Aug 27, 2021","",""
"Touhou Luna Nights","Action-adventure","Team Ladybug, Why So Serious?","Playism","Jan 25, 2024","Jan 25, 2024","Jan 25, 2024","",""
"The Touryst","Action-adventure","Shin'en Multimedia","Shin'en Multimedia","Sep 9, 2021","Sep 9, 2021","Sep 9, 2021","","[108]"
"TramSim: Console Edition","Simulation","ViewApp","Dovetail Games","Apr 25, 2023","Apr 25, 2023","Apr 25, 2023","",""
"Treasures of the Aegean","Platforms gameIndie gameAdventure","Undercoders","Numskull Games","Nov 11, 2021","Nov 11, 2021","Nov 11, 2021","",""
"Trek to Yomi","Action-adventure","Flying Wild Hog","Devolver Digital","May 5, 2022","May 5, 2022","May 5, 2022","",""
"Tribes of Midgard","Survival","Norsfell","Gearbox Publishing","Jul 27, 2021","Jul 27, 2021","Jul 27, 2021","","[33]"
"Trifox","Action-adventure","Glowfish Interactive","Big Sugar","Unreleased","Nov 23, 2022","Nov 23, 2022","","[109]"
"Twin Robots: Ultimate Edition","Action-adventurepuzzle","Thinice Games","Ratalaika Games","Unreleased","Dec 7, 2020","Dec 7, 2020","",""
"Two Point Campus","Business simulation","Two Point Studios","Sega","Aug 9, 2022","Aug 9, 2022","Aug 9, 2022","",""
"Two Point Museum","Business simulation","Two Point Studios","Sega","Mar 4, 2025","Mar 4, 2025","Mar 4, 2025","",""
"Trepang2","First-person shooter","Trepang Studios","Team17","Unreleased","Oct 2, 2023","Oct 2, 2023","",""
"UFC 5","Fighting","EA Sports","Electronic Arts Inc.","Oct 27, 2023","Oct 27, 2023","Oct 27, 2023","",""
"UFL","Sports","Strikerz","Strikerz","Dec 5, 2024","Dec 5, 2024","Dec 5, 2024","",""
"Ultimate Fishing Simulator 2","Fishingsimulation","MasterCode","Ultimate Games","2024","2024","2024","","[14]"
"Utawarerumono: Zan 2","Action role-playinghack and slash","Tamsoft","Aquaplus","Jul 22, 2021","TBA","TBA","",""
"Uncharted: Legacy of Thieves Collection","Action-adventurethird-person shooterplatformer","Naughty Dog","Sony Interactive Entertainment","Jan 28, 2022","Jan 28, 2022","Jan 28, 2022","",""
"Until Dawn","HorrorAction-adventureInteractive drama","Ballistic Moon","Sony Interactive Entertainment","Oct 4, 2024","Oct 4, 2024","Oct 4, 2024","",""
"Undisputed","Sports","Steel City Interactive","Deep Silver","Oct 11, 2024","Oct 11, 2024","Oct 11, 2024","",""
"Undead Horde","Role-playingreal-time strategy","10tons","10tons","Unreleased","Nov 12, 2020","Nov 12, 2020","CB","[56]"
"Undernauts: Labyrinth of Yomi","Role-playingrougelike","Experience","Aksys Games","Unreleased","Aug 11, 2022","Sep 16, 2022","","[110]"
"Under Night In-Birth II [Sys:Celes]","Fighting","French-Bread","Arc System Works","Jan 25, 2024","Jan 25, 2024","Jan 25, 2024",""
"Unknown 9: Awakening","Action-adventure","Reflector Entertainment","Reflector Entertainment","2024","2024","2024","","[33]"
"Valkyrie Elysium","Action role-playing","Soleil","Square Enix","Sep 29, 2022","Sep 29, 2022","Sep 29, 2022","CB",""
"Vampire: The Masquerade – Bloodhunt","Battle royale","Sharkmob","Sharkmob","Apr 27, 2022","Apr 27, 2022","Apr 27, 2022","",""
"Vampire: The Masquerade – Bloodlines 2","Action role-playing","Hardsuit Labs","Paradox Interactive","Q4 2024","Q4 2024","Q4 2024","",""
"Vampire: The Masquerade – Swansong","Action role-playing","Big Bad Wolf","Nacon","Unreleased","May 19, 2022","May 19, 2022","",""
"Vigor","Loot shooter","Bohemia Interactive","Bohemia Interactive","Dec 9, 2020","Dec 9, 2020","Dec 9, 2020","",""
"Visions of Mana","Action role-playing","Ouka Studios","Square Enix","2024","2024","2024","",""
"Visco Collection","Shooter gameFightingPlatformSportsSimulation","QUByte Interactive","QUByte Interactive","Oct 26, 2023","Oct 26, 2023","Oct 26, 2023","",""
"Void Terrarium Plus","Role-playingroguelike","Nippon Ichi Software","Nippon Ichi Software","Feb 18, 2021","May 18, 2021","May 21, 2021","","[111]"
"Watch Dogs: Legion","Action-adventure","Ubisoft Toronto","Ubisoft","Nov 12, 2020","Nov 12, 2020","Nov 19, 2020","CB",""
"Warframe","Action role-playingthird-person shooter","Digital Extremes","Digital Extremes","Nov 26, 2020","Nov 26, 2020","Nov 26, 2020","CP",""
"Warhammer 40,000: Shootas, Blood & Teef","Run and gun","Rogueside","Rogueside","Dec 2, 2022","Dec 2, 2022","Dec 2, 2022","","[112]"
"Warhammer 40,000: Space Marine II","Third-person shooter","Saber Interactive","Focus Entertainment","Sep 9, 2024","Sep 9, 2024","Sep 9, 2024","","[113]"
"Warhammer: Chaosbane","Action role-playinghack and slash","Eko Software","Bigben Interactive","Nov 12, 2020","Nov 12, 2020","Nov 19, 2020","",""
"War Hospital","Strategy","Brave Lamb Studio","Movie Games","Aug 31, 2023","Aug 31, 2023","Aug 31, 2023","",""
"War Mongrels","Real-time tactics","Destructive Creations","All in! Games","Apr 25, 2023","Apr 25, 2023","Apr 25, 2023","","[55]"
"War Thunder","Actionvehicular combatcombat flight simulator","Gaijin Entertainment","Gaijin Entertainment","Nov 16, 2020","Nov 17, 2020","Nov 17, 2020","",""
"Warsaw","Tactical role-playing","Pixelated Milk","Pixelated Milk","Nov 12, 2020","Nov 12, 2020","Nov 12, 2020","",""
"Wayfinder","Action role-playing","Airship Syndicate","Digital Extremes","Aug 17, 2023","Aug 17, 2023","Aug 17, 2023","",""
"Werewolf: The Apocalypse – Earthblood","Action role-playing","Cyanide","Nacon","Unreleased","Feb 4, 2021","Feb 4, 2021","CB",""
"Where Winds Meet","Action role-playing","Everstone Studio","Everstone StudioNetEase","2024","2024","2024","",""
"White Shadows","Platform","Monokel","Mixtvision Games","Unreleased","Dec 6, 2021","Jul 12, 2021","",""
"Wild Hearts","Action","Omega Force","Electronic Arts","Feb 17, 2023","Feb 17, 2023","Feb 17, 2023","",""
"The Witcher 3: Wild Hunt","Action role-playing","CD Projekt Red","CD Projekt","Dec 14, 2022","Dec 14, 2022","Dec 14, 2022","CB",""
"The Wolf Among Us 2","Graphic adventure","Telltale GamesAdHoc Studio","Telltale GamesAthlon Games","2024","2024","2024","",""
"Marvel's Wolverine","Adventure","Insomniac Games","Sony Interactive Entertainment","TBA","TBA","TBA","",""
"Wo Long: Fallen Dynasty","Action role-playing","Team Ninja","Koei Tecmo","Mar 3, 2023","Mar 3, 2023","Mar 3, 2023","",""
"Wanderstop","Simulator","Ivy Road","Annapurna Interactive","2024","2024","2024","","[114]"
"World of Warships: Legends","Vehicular combat","Lesta Studio","Wargaming","Apr 26, 2021","Apr 26, 2021","Apr 26, 2021","",""
"World War Z: Aftermath","Third-person shooter","Saber Interactive","Mad Dog Games","Unreleased","Jan 24, 2023","Jan 24, 2023","",""
"Wordbreaker by POWGI","Puzzle","Lightwood Games","Lightwood Games","Unreleased","Mar 14, 2022","Mar 14, 2022","",""
"Worms Rumble","Artillerybattle royalestrategy","Team17","Team17","Dec 1, 2020","Dec 1, 2020","Dec 1, 2020","CP",""
"WRC 9","Racingsimulation","Kylotonn","Nacon","Nov 12, 2020","Nov 12, 2020","Nov 19, 2020","CB",""
"WRC 10","Racingsimulation","Kylotonn","Nacon","Sep 2, 2021","Sep 2, 2021","Sep 2, 2021","",""
"Wreckfest","Vehicular combatracing","Bugbear Entertainment","THQ Nordic","Jun 1, 2021","Jun 1, 2021","Jun 1, 2021","[d]",""
"WWE 2K22","Sports","Visual Concepts","2K","Mar 11, 2022","Mar 11, 2022","Mar 11, 2022","",""
"WWE 2K23","Sports","Visual Concepts","2K","Mar 17, 2023","Mar 17, 2023","Mar 17, 2023","",""
"WWE 2K24","Sports","Visual Concepts","2K","Mar 8, 2024","Mar 8, 2024","Mar 8, 2024","",""
"XDefiant","First-person shooter","Ubisoft San Francisco","Ubisoft","May 21, 2024","May 21, 2024","May 21, 2024","CP",""
"Yakuza: Like a Dragon","Role-playing","Ryu Ga Gotoku Studio","Sega","Mar 2, 2021","Mar 2, 2021","Mar 2, 2021","CB",""
"Yars Rising","Platform","WayForward","Atari","Sep 10, 2024","Sep 10, 2024","Sep 10, 2024","",""
"Yeah! You Want ""Those Games,"" Right? So Here You Go! Now, Let's See You Clear Them!","Puzzle","Monkeycraft","D3 Publisher","Unreleased","Jan 10, 2024","Jan 10, 2024","",""
"Yeah! You Want ""Those Games,"" Right? So Here You Go! Now, Let's See You Clear Them! 2","Puzzle","Monkeycraft","D3 Publisher","Unreleased","Jul 17, 2024","Jul 17, 2024","",""
"Ys VIII: Lacrimosa of Dana","Action role-playing","Nihon Falcom","NIS America","Unreleased","Nov 15, 2022","Nov 18, 2022","","[115]"
"Ys IX: Monstrum Nox","Action role-playing","Nihon Falcom","NIS America","Unreleased","May 9, 2023","May 12, 2023","","[116]"
"Ys X: Nordics","Action role-playing","Nihon Falcom","NIS America","Sep 28, 2023","2024","2024","","[117]"
"Yu-Gi-Oh! Master Duel","Card battle","Konami","Konami","Jan 28, 2022","Jan 28, 2022","Jan 28, 2022","",""
"Yuoni","Survival horror","Tricore","Chorus Worldwide","Aug 19, 2021","Aug 19, 2021","Aug 19, 2021","",""
"Yurukill: The Calumniation Games","Shoot 'em up","G.Rev","JP: Izanagi GamesWW: NIS America","Apr 14, 2022","Jun 7, 2022","Jun 10, 2022","","[118]"
"Zaggy Car","CasualDrivingRacing","Zakym","Zakym","Jul 5, 2024","Jul 5, 2024","Jul 5, 2024","",""
"Zenless Zone Zero","Action role-playinghack and slash","miHoYo","miHoYo","Jul 4, 2024","Jul 4, 2024","Jul 4, 2024","",""
"Zenith: Nexus","Role Playing Games","TRIBEVR","TRIBEVR","Unreleased","Feb 21, 2023","Feb 21, 2023","",""