"Title","Genre(s)","Developer(s)","Publisher(s)","Release date[c]","","","Addons","Ref."
"","","","","JP","","","NA","PAL"
"3 out of 10: Season One",".mw-parser-output .hlist dl,.mw-parser-output .hlist ol,.mw-parser-output .hlist ul{margin:0;padding:0}.mw-parser-output .hlist dd,.mw-parser-output .hlist dt,.mw-parser-output .hlist li{margin:0;display:inline}.mw-parser-output .hlist.inline,.mw-parser-output .hlist.inline dl,.mw-parser-output .hlist.inline ol,.mw-parser-output .hlist.inline ul,.mw-parser-output .hlist dl dl,.mw-parser-output .hlist dl ol,.mw-parser-output .hlist dl ul,.mw-parser-output .hlist ol dl,.mw-parser-output .hlist ol ol,.mw-parser-output .hlist ol ul,.mw-parser-output .hlist ul dl,.mw-parser-output .hlist ul ol,.mw-parser-output .hlist ul ul{display:inline}.mw-parser-output .hlist .mw-empty-li{display:none}.mw-parser-output .hlist dt::after{content:"": ""}.mw-parser-output .hlist dd::after,.mw-parser-output .hlist li::after{content:"" · "";font-weight:bold}.mw-parser-output .hlist dd:last-child::after,.mw-parser-output .hlist dt:last-child::after,.mw-parser-output .hlist li:last-child::after{content:none}.mw-parser-output .hlist dd dd:first-child::before,.mw-parser-output .hlist dd dt:first-child::before,.mw-parser-output .hlist dd li:first-child::before,.mw-parser-output .hlist dt dd:first-child::before,.mw-parser-output .hlist dt dt:first-child::before,.mw-parser-output .hlist dt li:first-child::before,.mw-parser-output .hlist li dd:first-child::before,.mw-parser-output .hlist li dt:first-child::before,.mw-parser-output .hlist li li:first-child::before{content:"" ("";font-weight:normal}.mw-parser-output .hlist dd dd:last-child::after,.mw-parser-output .hlist dd dt:last-child::after,.mw-parser-output .hlist dd li:last-child::after,.mw-parser-output .hlist dt dd:last-child::after,.mw-parser-output .hlist dt dt:last-child::after,.mw-parser-output .hlist dt li:last-child::after,.mw-parser-output .hlist li dd:last-child::after,.mw-parser-output .hlist li dt:last-child::after,.mw-parser-output .hlist li li:last-child::after{content:"")"";font-weight:normal}.mw-parser-output .hlist ol{counter-reset:listitem}.mw-parser-output .hlist ol>li{counter-increment:listitem}.mw-parser-output .hlist ol>li::before{content:"" ""counter(listitem)""\a0 ""}.mw-parser-output .hlist dd ol>li:first-child::before,.mw-parser-output .hlist dt ol>li:first-child::before,.mw-parser-output .hlist li ol>li:first-child::before{content:"" (""counter(listitem)""\a0 ""}Action-adventurePuzzle","Terrible Posture Games, Inc.","Terrible Posture Games, Inc.","Mar 3, 2021","Mar 3, 2021","Mar 3, 2021","SD   OP","[2]"
"3xtinction","Shooter game","2BAD Games","2BAD Games","Sep 3, 2024","Sep 3, 2024","Sep 3, 2024","",""
"63 Days","Strategy","Destructive Creations","Destructive Creations","Sep 26, 2024","Sep 26, 2024","Sep 26, 2024","",""
"7 Days to Die","Survival horror","The Fun Pimps","The Fun Pimps","Jul 25, 2024","Jul 25, 2024","Jul 25, 2024","",""
"Aero the Acro-Bat","Platform","Sunsoft","Ratalaika Games","Aug 2, 2024","Aug 2, 2024","Aug 2, 2024","",""
"Aero the Acro-Bat 2","Platform","Sunsoft","Ratalaika Games","Sep 6, 2024","Sep 6, 2024","Sep 6, 2024","",""
"Aeterna Noctis","Metroidvania","Aeternum Game Studios","Aeternum Game Studios","Unreleased","Dec 15, 2021","Dec 15, 2021","","[3]"
"AEW Fight Forever","Sports","Yuke's","AEW Games","Jun 29, 2023","Jun 29, 2023","Jun 29, 2023","","[4]"
"Age of Wonders 4","Turn-based strategy","Triumph Studios","Paradox Interactive","Unreleased","May 2, 2023","May 2, 2023","","[5]"
"Ailment & Endurance Bundle","Action-adventure","Ivan Panasenko","EpiXR Games","Feb 17, 2021","Feb 17, 2021","Feb 17, 2021","SD   OP","[6]"
"Alan Wake Remastered","Action-adventure","Remedy Entertainment","Epic Games Publishing","Oct 5, 2021","Oct 5, 2021","Oct 5, 2021","",""
"Alan Wake 2","Action-adventure","Remedy Entertainment","Epic Games Publishing","Oct 27, 2023","Oct 27, 2023","Oct 27, 2023","OP",""
"Alex Kidd in Miracle World DX","Platform","Jankenteam","Merge Games","Jun 22, 2021","Jun 22, 2021","Jun 22, 2021","",""
"Alfred Hitchcock – Vertigo","Adventure","Pendulo Studios","Microids","Unreleased","Oct 4, 2022","Sep 27, 2022","",""
"Aliens: Fireteam Elite","Action-adventurethird-person shooter","Cold Iron Studios","20th Century Games","Aug 24, 2021","Aug 24, 2021","Aug 24, 2021","",""
"Alone in the Dark","Survival horror","Pieces Interactive","THQ Nordic","Mar 20, 2024","Mar 20, 2024","Mar 20, 2024","",""
"Among Us","Partysocial deduction","Innersloth","Innersloth","Unreleased","Dec 14, 2021","Dec 14, 2021","SD",""
"The Anacrusis","Tactical shooter","Stray Bombay Company","Stray Bombay Company","TBA","TBA","TBA","","[7]"
"Anno 1800","Real-time strategy","Blue Byte","Ubisoft","Mar 16, 2023","Mar 16, 2023","Mar 16, 2023","","[8]"
"Anodyne 2: Return to Dust","Action-adventure","Analgesic Productions","Ratalatika Games","Unreleased","Feb 18, 2021","Feb 18, 2021","SD   OP","[9]"
"Another Dawn","Action-adventureShooter","KR Games","KR Games","TBA","Jan 29, 2021","TBA","SD   OP","[10]"
"Apex Legends","Action-adventureShooter","Respawn Entertainment","Electronic Arts","Mar 29, 2022","Mar 29, 2022","Mar 29, 2022","SD XP","[11]"
"Apsulov: End of Gods","Horror","Angry Demon Studios","Digerati Distribution","Sep 2, 2021","Sep 2, 2021","Sep 2, 2021","",""
"Arctic Awakening","Adventure","GoldFire Studios","GoldFire Studios","2022","2022","2022","",""
"Ark II","Action-adventuresurvival","Studio Wildcard","Studio Wildcard","TBA","TBA","TBA","OP",""
"Arrest of a Stone Buddha","Shooter","Yeo","Yeo","Unreleased","May 14, 2021","May 14, 2021","","[12]"
"The Artful Escape","Platform","Beethoven & Dinosaur","Annapurna Interactive","Sep 9, 2021","Sep 9, 2021","Sep 9, 2021","",""
"Art of Rally","Racing","Funselektor Labs","Funselektor Labs","Aug 12, 2021","Aug 12, 2021","Aug 12, 2021","","[13]"
"The Ascent","Action role-playing","Neon Giant","Curve Digital","Jul 29, 2021","Jul 29, 2021","Jul 29, 2021","SD   OP","[14]"
"As Dusk Falls","Adventure","Interior Night","Xbox Game Studios","July 19, 2022","July 19, 2022","July 19, 2022","XP   PA   SD   OP",""
"Asphalt Legends Unite[d]","Racing","Gameloft Barcelona","Gameloft","Aug 31, 2021","Aug 31, 2021","Aug 31, 2021","XP   SD   OP",""
"Assassin's Creed Mirage","Action role-playing game","Ubisoft Bordeaux","Ubisoft","Oct 5, 2023","Oct 5, 2023","Oct 5, 2023","",""
"Assassin's Creed Shadows","Action role-playing game","Ubisoft Quebec","Ubisoft","Feb 14, 2025","Feb 14, 2025","Feb 14, 2025","",""
"Assassin's Creed Valhalla","Action role-playing game","Ubisoft Montreal","Ubisoft","Nov 10, 2020","Nov 10, 2020","Nov 10, 2020","SD   OP",""
"Assetto Corsa Competizione","Racing","Kunos Simulazioni","505 Games","Feb 24, 2022","Feb 24, 2022","Feb 24, 2022","","[15]"
"Astria Ascending","Role-playing","Artisan Studios","Dear Villagers","Sep 30, 2021","Sep 30, 2021","Sep 30, 2021","",""
"Atomic Heart","Action role-playingFirst-person shooter","Mundfish","Mundfish","Feb 21, 2023","Feb 21, 2023","Feb 21, 2023","",""
"Avatar: Frontiers of Pandora","Action-adventure","Massive Entertainment","Ubisoft","Dec 2023","Dec 2023","Dec 2023","",""
"Marvel's Avengers","Action-adventure","Crystal Dynamics","Square Enix","Mar 18, 2021","Mar 18, 2021","Mar 18, 2021","SD   OP",""
"Avowed","Action role-playing","Obsidian Entertainment","Xbox Game Studios","Feb 18, 2025","Feb 18, 2025","Feb 18, 2025","OP",""
"Aztech: Forgotten Gods","Action-adventure","Lienzo","Lienzo","Mar 10, 2022","Mar 10, 2022","Mar 10, 2022","",""
"Back 4 Blood","First-person shooterSurvival horror","Turtle Rock Studios","WB Games","Oct 12, 2021","Oct 12, 2021","Oct 12, 2021","",""
"Backpack Hero","Roguelite","Jaspel","Jaspel","Jun 11, 2024","Jun 11, 2024","Jun 11, 2024","",""
"Balan Wonderworld","Platform","Balan CompanyArzest","Square Enix","Mar 26, 2021","Mar 26, 2021","Mar 26, 2021","SD   OP","[16]"
"Balatro","Roguelike deck-building","LocalThunk","Playstack","Feb 20, 2024","Feb 20, 2024","Feb 20, 2024","",""
"Battlefield 2042","First-person shooter","DICE","Electronic Arts","Nov 19, 2021","Nov 19, 2021","Nov 19, 2021","XP",""
"Batora: Lost Haven","Action role-playing","Stormind Games","Team17","Oct 22, 2022","Oct 22, 2022","Oct 22, 2022","","[17]"
"Before I Forget","Adventure","Plug In Digital","Plug In Digital","Apr 29, 2021","Apr 29, 2021","Apr 29, 2021","",""
"Beyond Contact","Survival","Playcorp Studios","Deep Silver","TBA","TBA","TBA","","[18]"
"The Big Con","Adventure","Mighty Yell","Skybound Games","Aug 31, 2021","Aug 31, 2021","Aug 31, 2021","OP",""
"The Binding of Isaac: Repentance","Roguelike","Nicalis","Nicalis","Nov 4, 2021","Nov 4, 2021","Nov 4, 2021","",""
"Black Legend","Turn-based strategy","Warcave","Warcave","Mar 25, 2021","Mar 25, 2021","Mar 25, 2021","",""
"Black Myth: Wukong","Action role-playing","Game Science","Game Science","2024","2024","2024","",""
"Blast Brigade vs. the Evil Legion of Dr. Cread","Action-adventureplatform","Allods Team Arcade","My.Games","TBA","TBA","TBA","","[19]"
"Blaster Master Zero","Platform","Inti Creates","Inti Creates","Jul 1, 2021","Jul 1, 2021","Jul 1, 2021","",""
"Blaster Master Zero 2","Platform","Inti Creates","Inti Creates","Jul 15, 2021","Jul 15, 2021","Jul 15, 2021","",""
"Blaster Master Zero 3","Platform","Inti Creates","Inti Creates","Jul 29, 2021","Jul 29, 2021","Jul 29, 2021","",""
"Blood Bowl 3","Sports","Cyanide","Nacon","Feb 2022","Feb 2022","Feb 2022","",""
"BloodRayne Betrayal: Fresh Bites","Hack and slashplatform","WayForward","Ziggurat Interactive","Sep 9, 2021","Sep 9, 2021","Sep 9, 2021","","[20][21]"
"Bluey: The Videogame","Adventure","Artax Games","Outright Games","Nov 17, 2023","Nov 17, 2023","Nov 17, 2023","",""
"Biomutant","Action role-playing","Experiment 101","THQ Nordic","Sep 6, 2022","Sep 6, 2022","Sep 6, 2022","",""
"Borderlands 3","Action role-playingFirst-person shooter","Gearbox Software","2K Games","Nov 10, 2020","Nov 10, 2020","Nov 10, 2020","SD   OP",""
"Boarderlands 4","Action role-playingFirst-person shooter","Gearbox Software","2K Games","2025","2025","2025","",""
"Braid Anniversary Edition","Puzzle-platform","Thekla","Thekla","May 14, 2024","May 14, 2024","May 14, 2024","",""
"Bratz: Flaunt Your Fashion","Actionadventure","Petoons Studio","Outright Games","Nov 4, 2022","Nov 4, 2022","Nov 4, 2022","OP","[22]"
"Breakout: Recharged","Puzzle","Adamvision StudiosSneakyBox","Atari","TBA","Feb 10, 2022","Feb 10, 2022","",""
"Bridge Constructor: The Walking Dead","Simulationpuzzle","ClockStone","Headup Games","TBA","Nov 19, 2020","Nov 19, 2020","",""
"Bright Memory","First-person shooter","FYQD Personal Studio","Playism","Nov 10, 2020","Nov 10, 2020","Nov 10, 2020","OP",""
"Bright Memory: Infinite","First-person shooter","FYQD Personal Studio","Playism","Jul 21, 2022","Jul 21, 2022","Jul 21, 2022","",""
"Call of Duty: Black Ops Cold War","First-person shooter","Raven SoftwareTreyarch","Activision","Nov 13, 2020","Nov 13, 2020","Nov 13, 2020","OP   XP",""
"Call of Duty: Black Ops 6","First-person shooter","Raven SoftwareTreyarch","Activision","Oct 25, 2024","Oct 25, 2024","Oct 25, 2024","",""
"Call of Duty: Modern Warfare II","First-person shooter","Infinity Ward","Activision","Oct 28, 2022","Oct 28, 2022","Oct 28, 2022","",""
"Call of Duty: Modern Warfare III","First-person shooter","Infinity Ward","Activision","Nov 10, 2023","Nov 10, 2023","Nov 10, 2023","",""
"Call of Duty: Vanguard","First-person shooter","Sledgehammer Games","Activision","Nov 5, 2021","Nov 5, 2021","Nov 5, 2021","","[23]"
"Call of Duty: Warzone 2.0","Battle royalefirst-person shooter","Raven SoftwareTreyarch","Activision","Nov 16, 2022","Nov 16, 2022","Nov 16, 2022","",""
"Call of the Sea","Puzzle adventure","Out of the Blue","Raw Fury","TBA","Dec 8, 2020","Dec 8, 2020","SD   OP","[14]"
"The Callisto Protocol","Survival horror","Striking Distance Studios","Krafton","Dec 2, 2022","Dec 2, 2022","Dec 2, 2022","",""
"Can't Drive This","Racing","Pixel Maniacs","Pixel Maniacs","Mar 19, 2021","Mar 19, 2021","Mar 19, 2021","",""
"Cassette Beasts","Role-playing","Bytten Studio","Raw Fury","Unreleased","TBA","TBA","","[24]"
"Centipede: Recharged","Puzzle","Adamvision StudiosSneakyBox","Atari","TBA","Sep 29, 2021","Sep 29, 2021","",""
"Century: Age of Ashes","Action","Playwing","Playwing","Mar 10, 2022","Mar 10, 2022","Mar 10, 2022","","[25]"
"Chernobylite","Survival","The Farm 51","All In! Games","Apr 21, 2022","Apr 21, 2022","Apr 21, 2022","",""
"Chorus","Space combat","Fishlabs","Deep Silver","Dec 3, 2021","Dec 3, 2021","Dec 3, 2021","SD   OP","[14]"
"Civilization VII","4X","Firaxis Games","2K","Feb 11, 2025","Feb 11, 2025","Feb 11, 2025","",""
"Clash: Artifacts of Chaos","Action-adventure","ACE Team","Nacon","Mar 9, 2023","Mar 9, 2023","Mar 9, 2023","",""
"Cogen: Sword of Rewind","Platform","Gemdrops","Gemdrops","Jan 27, 2022","Jan 27, 2022","Jan 27, 2022","","[26]"
"College Football 25","Sports","EA Orlando","EA Sports","Jul 19, 2024","Jul 19, 2024","Jul 19, 2024","",""
"Company of Heroes 3","Real-time strategy","Relic Entertainment","Sega","May 30, 2023","May 30, 2023","May 30, 2023","",""
"Contraband","Action-adventure","Avalanche Studios Group","Xbox Game Studios","TBA","TBA","TBA","","[27]"
"Contra: Operation Galuga","Platform","WayForward","Konami","Mar 12, 2024","Mar 12, 2024","Mar 12, 2024","",""
"Control: Ultimate Edition","Action-adventureThird-person shooter","Remedy Entertainment","505 Games","Feb 2, 2021","Feb 2, 2021","Feb 2, 2021","",""
"Conway: Disappearance at Dahlia View","Adventure","White Paper Games","Sold Out","Nov 2, 2021","Nov 2, 2021","Nov 2, 2021","","[28]"
"Crash Bandicoot 4: It's About Time","Platform","Toys for Bob","Activision","TBA","Mar 12, 2021","Mar 12, 2021","SD",""
"The Crew Motorfest","Racing","Ubisoft Ivory Tower","Ubisoft","Sep 14, 2023","Sep 14, 2023","Sep 14, 2023","",""
"Cricket 22","Sports","Big Ant Studios","Nacon","Unreleased","Nov 25, 2021","Nov 25, 2021","",""
"Crisis Core: Final Fantasy VII Reunion","Role-playing","Square Enix","Square Enix","Dec 13, 2022","Dec 13, 2022","Dec 13, 2022","",""
"Cris Tales","Role-playing","Dreams UncorporatedSyck","Modus Games","Jul 20, 2021","Jul 20, 2021","Jul 20, 2021","",""
"Cocoon","PuzzleIndie gameAction gameAdventure","Geometric Interactive","Annapurna Interactive","Sep 29, 2023","Sep 29, 2023","Sep 29, 2023","",""
"CrossfireX","First-person shooter","Remedy EntertainmentSmilegate","Xbox Game Studios","Feb 10, 2022","Feb 10, 2022","Feb 10, 2022","SD   OP",""
"CRSED: F.O.A.D.","First-person shooter","Darkflow Studio","Gaijin Entertainment","TBA","TBA","TBA","",""
"Crusader Kings III","Grand strategyrole-playing","Paradox Development StudioLab42","Paradox Interactive","Mar 29, 2022","Mar 29, 2022","Mar 29, 2022","",""
"Curse of the Sea Rats","Metroidvania","Petoon Studios","PQube","Un­known","Apr 6, 2023","Un­known","","[29]"
"Cyberpunk 2077","Action role-playing","CD Projekt Red","CD Projekt","Feb 15, 2022","Feb 15, 2022","Feb 15, 2022","SD   OP",""
"The Dark Pictures Anthology: House of Ashes","Interactive dramesurvival horror","Supermassive Games","Bandai Namco Entertainment","TBA","Oct 22, 2021","Oct 22, 2021","",""
"DARQ: Complete Edition","Psychological horror","Unfold Games","Feardemic","2021","2021","2021","",""
"Dawn of the Monsters","Beat 'em up","13AM Games","WayForward","2021","2021","2021","","[30]"
"Daymare: 1994 Sandcastle","Survival horror","Invader Studios","Leonardo Interactive","2022","2022","2022","","[31]"
"Dead by Daylight","Survival horror","Behaviour Interactive","Behaviour Interactive","Nov 10, 2020","Nov 10, 2020","Nov 10, 2020","SD",""
"Deadcraft","Survival","Marvelous First Studio","JP: MarvelousWW: Xseed Games","May 19, 2022","May 19, 2022","May 19, 2022","","[32]"
"Dead Space","Survival horror","Motive Studios","Electronic Arts","Jan 27, 2023","Jan 27, 2023","Jan 27, 2023","",""
"Deathloop","First-person shooter","Arkane Studios","Bethesda Softworks","Sep 20, 2022","Sep 20, 2022","Sep 20, 2022","",""
"Death's Door","Action-adventure","Acid Nerve","Devolver Digital","Jul 20, 2021","Jul 20, 2021","Jul 20, 2021","",""
"Deceive Inc.","First-person shooter","Sweet Bandits Studios","Tripwire Interactive","Mar 21, 2023","Mar 21, 2023","Mar 21, 2023","","[33]"
"Demon Slayer: Kimetsu no Yaiba – The Hinokami Chronicles","Fighting","CyberConnect2","JP: AniplexWW: Sega","Oct 14, 2021","Oct 15, 2021","Oct 15, 2021","",""
"Destiny 2","First-person shooter","Bungie","Bungie","Dec 8, 2020","Dec 8, 2020","Dec 8, 2020","SD   OP",""
"Destroy All Humans! 2: Reprobed","Action-adventure","Black Forest Games","THQ Nordic","TBA","TBA","TBA","","[34]"
"Devil May Cry 5: Special Edition","Action-adventureHack and slash","Capcom","Capcom","Nov 10, 2020","Nov 10, 2020","Nov 10, 2020","OP",""
"Diablo II: Resurrected","Action role-playing","Vicarious Visions","Blizzard Entertainment","Sep 23, 2021","Sep 23, 2021","Sep 23, 2021","",""
"Diablo IV","Action role-playing","Blizzard Team 3Blizzard Albany","Blizzard Entertainment","June 5, 2023","June 5, 2023","June 5, 2023","XP   SD   OP",""
"Dinos Reborn","Survivalaction","HardCodeWay","Vision Edge Entertainment","2022","2022","2022","",""
"Dirt 5","Racing","Codemasters","Codemasters","Nov 10, 2020","Nov 10, 2020","Nov 10, 2020","SD   OP",""
"Disciples: Liberation","Turn-based strategy","Frima Studio","Kalypso Media","Oct 21, 2021","Oct 21, 2021","Oct 21, 2021","",""
"Disco Elysium: The Final Cut","Role-playing","ZA/UM","ZA/UM","Oct 12, 2021","Oct 12, 2021","Oct 12, 2021","",""
"Disney Dreamlight Valley","Life simulationAdventure","Gameloft Montreal","Gameloft","Dec 5, 2023","Dec 5, 2023","Dec 5, 2023","XP   SD   OP",""
"Disney Speedstorm","Racing","Gameloft Barcelona","Gameloft","Sep 28, 2023","Sep 28, 2023","Sep 28, 2023","XP   SD   OP",""
"DJMax Respect V","Rhythm","Neowiz MUCA","Neowiz Games","Jul 7, 2022","Jul 7, 2022","Jul 7, 2022","XP   PA   SD   OP",""
"Doctor Who: The Edge of Reality","Adventure","Maze Theory","BBC StudiosJust Add Water","Unreleased","Sep 30, 2021","Sep 30, 2021","",""
"Doki Doki Literature Club Plus!","Visual novel","Team Salvato","Serenity Forge","Jun 30, 2021","Jun 30, 2021","Jun 30, 2021","",""
"Doom Eternal","First-person shooter","id Software","Bethesda Softworks","Jun 29, 2021","Jun 29, 2021","Jun 29, 2021","SD   OP",""
"Dragon Age: The Veilguard","Action role-playing","BioWare","Electronic Arts","Oct 31, 2024","Oct 31, 2024","Oct 31, 2024","",""
"Dragon Ball FighterZ","Fighting","Arc System Works","Bandai Namco Entertainment","Feb 29, 2024","Feb 29, 2024","Feb 29, 2024","",""
"Dragon Ball Z: Kakarot","Action role-playing","CyberConnect2","Bandai Namco Entertainment","Jan 12, 2023","Jan 13, 2023","Jan 13, 2023","",""
"Dragon Ball: Sparking! Zero","Fighting","Spike Chunsoft","Bandai Namco Entertainment","Oct 11, 2024","Oct 11, 2024","Oct 11, 2024","",""
"Dragon Ball Xenoverse 2","FightingRole-playing","Dimps","Bandai Namco Entertainment","May 23, 2024","May 23, 2024","May 23, 2024","",""
"Dragon Quest III HD-2D Remake","Role-playing","Artdink","Square Enix","Nov 14, 2024","2024|Nov|14}}","2024|Nov|14}}","",""
"Dungeons of Hinterberg","Action role-playing","Microbird Games","Curve Games","July 18, 2024","July 18, 2024","July 18, 2024","",""
"Dungeons & Dragons: Dark Alliance","Role-playing","Tuque Games","Wizards of the Coast","Jun 22, 2021","Jun 22, 2021","Jun 22, 2021","",""
"Dying Light 2 Stay Human","Action role-playingSurvival horror","Techland","Techland Publishing","Feb 4, 2022","Feb 4, 2022","Feb 4, 2022","",""
"Dynasty Warriors 9: Empires","Hack and slash","Omega Force","Koei Tecmo","Dec 23, 2021","Feb 15, 2022","Feb 15, 2022","","[35]"
"EA Sports FC 24","Sports","EA VancouverEA Romania","EA Sports","Sep 29, 2023","Sep 29, 2023","Sep 29, 2023","OP   XP",""
"EA Sports FC 25","Sports","EA VancouverEA Romania","EA Sports","Sep 27, 2024","Sep 27, 2024","Sep 27, 2024","",""
"EA Sports PGA Tour","Sports","EA Tiburon","Electronic Arts","Mar 24, 2023","Mar 24, 2023","Mar 24, 2023","",""
"EA Sports UFC 5","FightingSports","EA Vancouver","EA Sports","Oct 27, 2023","Oct 27, 2023","Oct 27, 2023","",""
"EA Sports WRC","Racing","Codemasters","EA Sports","Nov 3, 2023","Nov 3, 2023","Nov 3, 2023","",""
"Echo Generation","Turn-based role-playing","Cococucumber","Cococucumber","TBA","TBA","TBA","",""
"Edge of Eternity","Role-playing","Midgard Studio","Dear Villagers","2021","2021","2021","",""
"eFootball 2022","Sports","Konami","Konami","Sep 30, 2021","Sep 30, 2021","Sep 30, 2021","",""
"Egg Boy","Shooter game","China Yousoi","China Yousoi","Sep 27, 2024","Sep 27, 2024","Sep 27, 2024","",""
"Eiyuden Chronicle: Hundred Heroes","Japanese role-playing","Rabbit & Bear Studios","505 Games","2023","2023","2023","",""
"Eiyuden Chronicle: Rising","Japanese role-playing","Rabbit & Bear Studios","505 Games","May 10, 2022","May 10, 2022","May 10, 2022","","[36][37]"
"ELEX II","Action role-playing","Piranha Bytes","THQ Nordic","TBA","TBA","TBA","",""
"Elden Ring","Action role-playing","FromSoftware","Bandai Namco Entertainment","Feb 25, 2022","Feb 25, 2022","Feb 25, 2022","",""
"The Elder Scrolls V: Skyrim","Role-playing","Bethesda Game Studios","Bethesda Softworks","Nov 11, 2021","Nov 11, 2021","Nov 11, 2021","",""
"The Elder Scrolls Online","Massively multiplayer online role-playing","ZeniMax Online Studios","Bethesda Softworks","Jun 15, 2021","Jun 15, 2021","Jun 15, 2021","SD   OP",""
"Elon and the Divine Proof","Platformer","Derik D.F","Derik D.F","Unreleased","Sep 3, 2024","Sep 3, 2024","",""
"Enchanted Portals","Run and gun","Xixo Games Studio","Xixo Games Studio","Sep 8, 2023","Sep 8, 2023","Sep 8, 2023","","[38]"
"Ender Lilies: Quietus of the Knights","Metroidvania","Live WireAdglobe","Binary Haze Interactive","Jun 29, 2021","Jun 29, 2021","Jun 29, 2021","",""
"Enlisted","First-person shooter","DarkFlow Software","Gaijin Entertainment","Nov 10, 2020","Nov 10, 2020","Nov 10, 2020","",""
"Ever Forward","Puzzle adventure","Pathea Games","PM Studios","Aug 10, 2021","Aug 10, 2021","Aug 10, 2021","",""
"Evergate","Puzzle-platform","Stone Lantern Games","PQube","Nov 10, 2020","Nov 10, 2020","Nov 10, 2020","",""
"Everwild","Adventure","Rare","Xbox Game Studios","TBA","TBA","TBA","OP",""
"Evil Dead: The Game","Horror","Boss Team Games","Saber Interactive","May 13, 2022","May 13, 2022","May 13, 2022","",""
"Evil Genius 2: World Domination","Real-time strategysimulation","Rebellion Developments","Rebellion Developments","TBA","Nov 30, 2021","Nov 30, 2021","",""
"Exomecha","First-person shooter","TwistedRed","TwistedRed","TBA","TBA","TBA","",""
"Exophobia","First-person shooter","Zarc Attack","PM Studios","Unreleased","Jul 23, 2024","Jul 23, 2024","","[39]"
"Exoprimal","Survival horrorthird-person shooter","Capcom","Capcom","Jul 14, 2023","Jul 14, 2023","Jul 14, 2023","",""
"F1 2021","Racing","Codemasters","Electronic Arts","Jul 16, 2021","Jul 16, 2021","Jul 16, 2021","",""
"F1 22","Racing","Codemasters","Electronic Arts","Jul 1, 2022","Jul 1, 2022","Jul 1, 2022","",""
"F1 23","Racing","Codemasters","Electronic Arts","Jun 16, 2023","Jun 16, 2023","Jun 16, 2023","",""
"F1 24","Racing","Codemasters","Electronic Arts","May 31, 2024","May 31, 2024","May 31, 2024","",""
"F1 Manager 2022","Business simulation","Frontier Developments","Frontier Developments","Aug 30, 2022","Aug 30, 2022","Aug 30, 2022","",""
"F1 Manager 2023","Business simulation","Frontier Developments","Frontier Developments","Jul 31, 2023","Jul 31, 2023","Jul 31, 2023","",""
"F1 Manager 2024","Business simulation","Frontier Developments","Frontier Developments","Jul 23, 2024","Jul 23, 2024","Jul 23, 2024","",""
"Fable","Action role-playing","Playground Games","Xbox Game Studios","TBA","TBA","TBA","OP",""
"The Falconeer","Simulation","Tomas Sala","Wired Productions","Nov 10, 2020","Nov 10, 2020","Nov 10, 2020","",""
"Fall Guys: Ultimate Knockout","Battle royale","Mediatonic","Devolver Digital","Jun 21, 2022","Jun 21, 2022","Jun 21, 2022","",""
"Far Cry 6","First-person shooter","Ubisoft Toronto","Ubisoft","Oct 7, 2021","Oct 7, 2021","Oct 7, 2021","SD  OP",""
"Farming Simulator 22","Simulation","Giants Software","Giants Software","Nov 22, 2021","Nov 22, 2021","Nov 22, 2021","",""
"Farming Simulator 25","Simulation","Giants Software","Giants Software","Nov 12, 2024","Nov 12, 2024","Nov 12, 2024","",""
"Fatal Frame: Maiden of Black Water","Survival horror","Koei Tecmo","Koei Tecmo","Oct 28, 2021","Oct 28, 2021","Oct 28, 2021","",""
"Fatal Fury: City of the Wolves","Fighting","SNK","SNK","Apr 24, 2025","Apr 24, 2025","Apr 24, 2025","",""
"Flea Madness","Action","Missset","Crytivo","2021","2021","2021","",""
"FIFA 21","Sports","EA Vancouver","Electronic Arts","Dec 4, 2020","Dec 4, 2020","Dec 4, 2020","EN  OP",""
"FIFA 22","Sports","EA Vancouver","Electronic Arts","Oct 1, 2021","Oct 1, 2021","Oct 1, 2021","",""
"FIFA 23","Sports","EA Vancouver","Electronic Arts","Sep 30, 2022","Sep 30, 2022","Sep 30, 2022","",""
"Final Fantasy XIV Online","MMORPG","Square Enix","Square Enix","Mar 21, 2024","Mar 21, 2024","Mar 21, 2024","XP","[40]"
"Fishing Sim World: Bass Pro Shops Edition","Fishing","Dovetail Games","Dovetail Games","Unreleased","Nov 3, 2020","Unreleased","","[41]"
"Fobia: St. Dinfna Hotel","Psychological horror","Pulsatrix Studios","Maximum Games","2022","2022","2022","","[42]"
"Football Manager 2021","Sports","Sports Interactive","Sega","Dec 1, 2020","Dec 1, 2020","Dec 1, 2020","",""
"Football Manager 2022","Sports","Sports Interactive","Sega","Nov 9, 2021","Nov 9, 2021","Nov 9, 2021","","[43]"
"Football Manager 2023","Sports","Sports Interactive","Sega","Nov 8, 2022","Nov 8, 2022","Nov 8, 2022","",""
"Football Manager 2024 Console","Sports","Sports Interactive","Sega","Nov 6, 2023","Nov 6, 2023","Nov 6, 2023","",""
"Foreclosed","Action-adventure","Antab","Merge Games","Aug 12, 2021","Aug 12, 2021","Aug 12, 2021","",""
"Fortnite","Battle royaleSandboxSurvival","Epic Games","Epic Games","Nov 10, 2020","Nov 10, 2020","Nov 10, 2020","XP",""
"Forza Horizon 4","Racing","Playground Games","Xbox Game Studios","Nov 10, 2020","Nov 10, 2020","Nov 10, 2020","SD  PA  OP",""
"Forza Horizon 5","Racing","Playground Games","Xbox Game Studios","Nov 9, 2021","Nov 9, 2021","Nov 9, 2021","SD  PA  OP",""
"Forza Motorsport","Racing","Turn 10 Studios","Xbox Game Studios","Oct 10, 2023","Oct 10, 2023","Oct 10, 2023","OP",""
"Freedom Planet 2","Platform","GalaxyTrail","GalaxyTrail","TBA","TBA","TBA","",""
"Fuga: Melodies of Steel","Tactical role-playing","CyberConnect2","CyberConnect2","Jul 29, 2021","Jul 29, 2021","Jul 29, 2021","",""
"Fuga: Melodies of Steel 2","Tactical role-playing","CyberConnect2","CyberConnect2","May 11, 2023","May 11, 2023","May 11, 2023","",""
"Galacticare","Business simulation","Brightrock Games","Cult Games","May 23, 2024","May 23, 2024","May 23, 2024","","[44]"
"Gears 5","Third-person shooter","The Coalition","Xbox Game Studios","Nov 10, 2020","Nov 10, 2020","Nov 10, 2020","SD  PA  OP",""
"Gears of War: E-Day","Third-person shooter","The Coalition","Xbox Game Studios","TBA","TBA","TBA","",""
"Gears Tactics","Turn-based strategy","The CoalitionSplash Damage","Xbox Game Studios","Nov 10, 2020","Nov 10, 2020","Nov 10, 2020","SD  PA  OP",""
"Ghostrunner","Actionplatform","One More Level","All in! Games505 Games","Sep 28, 2021","Sep 28, 2021","Sep 28, 2021","",""
"Gotham Knights","Action role-playing game","WB Games Montréal","WB Games","Oct 25, 2022","Oct 25, 2022","Oct 25, 2022","",""
"Grand Theft Auto Online","Action-adventure","Rockstar North","Rockstar Games","Mar 15, 2022","Mar 15, 2022","Mar 15, 2022","",""
"Grand Theft Auto: The Trilogy – The Definitive Edition","Action-adventure","Grove Street Games","Rockstar Games","Nov 11, 2021","Nov 11, 2021","Nov 11, 2021","",""
"Grand Theft Auto V","Action-adventure","Rockstar North","Rockstar Games","Mar 15, 2022","Mar 15, 2022","Mar 15, 2022","",""
"Grand Theft Auto VI","Action-adventure","Rockstar Games","Rockstar Games","2025","2025","2025","",""
"Graven","First-person shooter","Slipgate Ironworks","3D Realms1C Entertainment","TBA","TBA","TBA","",""
"GreedFall","Action role-playing","Spiders","Focus Home Interactive","Jun 30, 2021","Jun 30, 2021","Jun 30, 2021","",""
"Grid Legends","Racing","Codemasters","Electronic Arts","Feb 25, 2022","Feb 25, 2022","Feb 25, 2022","",""
"Grounded","Action-adventureSurvival","Obsidian Entertainment","Xbox Game Studios","Sep 27, 2022","Sep 27, 2022","Sep 27, 2022","SD  OP",""
"Marvel's Guardians of the Galaxy","Action-adventure","Eidos-Montréal","Square Enix","Oct 26, 2021","Oct 26, 2021","Oct 26, 2021","","[45]"
"Gungrave G.O.R.E.","Third-person shooter","Iggymob","Prime Matter","Nov 22, 2022","Nov 22, 2022","Nov 22, 2022","","[46]"
"The Gunk","Action-adventure","Image & Form Games","Thunderful","Dec 16, 2021","Dec 16, 2021","Dec 16, 2021","SD  OP",""
"Gunvolt Chronicles Luminous Avenger iX 2","Platform","Inti Creates","Inti Creates","Jan 27, 2022","Jan 27, 2022","Jan 27, 2022","","[47]"
"Hades","Action role-playingRoguelike","Supergiant Games","Supergiant Games","Aug 13, 2021","Aug 13, 2021","Aug 13, 2021","",""
"Halo Infinite","First-person shooter","343 Industries","Xbox Game Studios","Dec 8, 2021","Dec 8, 2021","Dec 8, 2021","SD  PA  OP",""
"Halo: The Master Chief Collection","First-person shooter","343 IndustriesBungie","Xbox Game Studios","Nov 17, 2020","Nov 17, 2020","Nov 17, 2020","SD  OP",""
"Hatsune Miku Logic Paint S","Puzzle","Crypton Future Media","Crypton Future Media","Jan 19, 2022","Jan 19, 2022","Jan 19, 2022","","[48]"
"Haven","Adventurerole-playing","The Game Bakers","The Game Bakers","Dec 3, 2020","Dec 3, 2020","Dec 3, 2020","",""
"Hawked","ActionAdventure","MY.GAMES","MY.GAMES","Unreleased","Feb 15, 2024","Feb 15, 2024","",""
"Hellblade: Senua's Sacrifice","Action-adventure","Ninja Theory","Ninja Theory","TBA","Aug 9, 2021","Aug 9, 2021","",""
"Hell is Us","Action-adventure","Rogue Factor","Nacon","2023","2023","2023","",""
"Hell Let Loose","First-person shooter","Black Matter Party","Team17","Oct 5, 2021","Oct 5, 2021","Oct 5, 2021","",""
"Hello Neighbor 2","StealthSurvival horror","Dynamic Pixels","TinyBuild","Dec 6, 2022","Dec 6, 2022","Dec 6, 2022","",""
"Hellpoint","Action role-playing","Cradle Games","TinyBuild","Jul 26, 2022","Jul 26, 2022","Jul 26, 2022","",""
"Hitman 3","Stealth","IO Interactive","IO Interactive","Jan 20, 2021","Jan 20, 2021","Jan 20, 2021","SD   OP",""
"Hogwarts Legacy","Action role-playing","Avalanche Software","Portkey Games","Feb 10, 2023","Feb 10, 2023","Feb 10, 2023","",""
"Hood: Outlaws & Legends","Action-adventure","Sumo Digital","Focus Home Interactive","May 10, 2021","May 10, 2021","May 10, 2021","",""
"Hot Wheels Unleashed","Racing","Milestone","Milestone","Sep 30, 2021","Sep 30, 2021","Sep 30, 2021","",""
"Hotel Life: A Resort Simulator","Business simulation","RingZero Game Studio","Nacon","Aug 26, 2021","Aug 26, 2021","Aug 26, 2021","",""
"House of Golf 2","Sports","Starlight Games","Starlight Games","Unreleased","Aug 16, 2024","Aug 16, 2024","",""
"I Am Dead","Adventure","Hollow Ponds","Annapurna Interactive","Aug 9, 2021","Aug 9, 2021","Aug 9, 2021","",""
"I Am Fish","Action-adventuresimulation","Bossa Studios","Curve Digital","Sep 16, 2021","Sep 16, 2021","Sep 16, 2021","",""
"Indiana Jones and the Great Circle","Action-adventure","MachineGames","Bethesda Softworks","Dec 9, 2024","Dec 9, 2024","Dec 9, 2024","",""
"Infernax","Action-adventure","Berzerk Studio","The Arcade Crew","Unreleased","Feb 14, 2022","Feb 14, 2022","","[49]"
"In Sound Mind","Psychological horror","We Create Stuff","Modus Games","Unreleased","Aug 3, 2021","Aug 3, 2021","",""
"Insurgency: Sandstorm","First-person shooter","New World Interactive","Focus Home Interactive","Sep 29, 2021","Sep 29, 2021","Sep 29, 2021","",""
"Immortals Fenyx Rising","Action-adventure","Ubisoft Quebec","Ubisoft","Dec 3, 2020","Dec 3, 2020","Dec 3, 2020","",""
"Iron Harvest","Real-time strategy","King Art Games","Deep Silver","Oct 26, 2021","Oct 26, 2021","Oct 26, 2021","",""
"It Takes Two","Action-adventureplatform","Hazelight Studios","Electronic Arts","Mar 26, 2021","Mar 26, 2021","Mar 26, 2021","",""
"JoJo's Bizarre Adventure: All Star Battle R","Fighting","CyberConnect2","Bandai Namco Entertainment","Sep 1, 2022","Sep 2, 2022","Sep 2, 2022","",""
"Journey to the Savage Planet","First-person shooter","Raccoon Logic","505 Games","Feb 14, 2023","Feb 14, 2023","Feb 14, 2023","",""
"Judgment","Action-adventure","Ryu Ga Gotoku Studio","Sega","Apr 23, 2021","Apr 23, 2021","Apr 23, 2021","",""
"A Juggler's Tale","Platform","Kaleidoscube","Mixtvision Games","Unreleased","Sep 29, 2021","Sep 29, 2021","","[50]"
"Just Dance 2021","Music","Ubisoft Paris","Ubisoft","Nov 24, 2020","Nov 24, 2020","Nov 24, 2020","˄   OP",""
"Just Dance 2022","Music","Ubisoft Paris","Ubisoft","Nov 4, 2021","Nov 4, 2021","Nov 4, 2021","˄   OP",""
"Just Dance 2023 Edition","Music","Ubisoft Paris","Ubisoft","Nov 22, 2022","Nov 22, 2022","Nov 22, 2022","OP",""
"Just Dance 2024 Edition","Music","Ubisoft Paris","Ubisoft","Oct 24, 2024","Oct 24, 2024","Oct 24, 2024","OP",""
"Jurassic World Evolution 2","Business simulation","Frontier Developments","Frontier Developments","Nov 2021","Nov 9, 2021","Nov 9, 2021","",""
"Kao the Kangaroo","Platform","Tate Multimedia","Tate Multimedia","May 27, 2022","May 27, 2022","May 27, 2022","",""
"Kerbal Space Program 2","Space flight simulation","Intercept Games","Private Division","2023","2023","2023","",""
"Kerbal Space Program: Enhanced Edition","Space flight simulation","Squad","Private Division","Sep 29, 2021","Sep 29, 2021","Sep 29, 2021","",""
"KeyWe","Puzzle","Sold Out","Stonewheat and Sons","Aug 31, 2021","Aug 31, 2021","Aug 31, 2021","","[51]"
"Killer Klowns from Outer Space: The Game","Survival Horror","IllFonic Teravision Games","IllFonic","Unreleased","Jun 4, 2024","Unreleased","",""
"The King of Fighters XV","Fighting","SNK","SNK","Feb 17, 2022","Feb 17, 2022","Feb 17, 2022","",""
"Kingdom of Arcadia","Action-adventure","EastAsiaSoft","EastAsiaSoft","Apr 14, 2021","Apr 14, 2021","Apr 14, 2021","",""
"Kingdom Come: Deliverance II","Action role-playing","Warhorse Studios","Deep Silver","Feb 11, 2025","Feb 11, 2025","Feb 11, 2025","",""
"Kingdom Hearts IV","Role-playing","Square Enix Creative Business Unit I","Square Enix","TBA","TBA","TBA","",""
"Lab Rat","Puzzle","Chump Squad","Chump Squad","2022","2022","2022","","[52]"
"Lake","Graphic adventure","Gamious","Whitethorn Games","Sep 1, 2021","Sep 1, 2021","Sep 1, 2021","",""
"The Last Case of Benedict Fox","Metroidvania","Plot Twist","Rogue Games","Apr 27, 2023","Apr 27, 2023","Apr 27, 2023","",""
"Last Oasis","SurvivalMMO","Donkey Crew","Donkey Crew","Mar 26, 2021","Mar 26, 2021","Mar 26, 2021","","[53][54]"
"The Last Stand: Aftermath","Roguelike","Con Artist Games","Armor Games Studios","2021","2021","2021","",""
"Last Stop","Adventure","Variable State","Annapurna Interactive","Jul 22, 2021","Jul 22, 2021","Jul 22, 2021","",""
"Lawn Mowing Simulator","Simulation","Skyhook Games","Curve Digital","Aug 11, 2021","Aug 11, 2021","Aug 11, 2021","",""
"Lego Builder's Journey","Puzzle","Light Brick Studio","Lego Games","Nov 25, 2021","Nov 25, 2021","Nov 25, 2021","",""
"Lego Star Wars: The Skywalker Saga","Action-adventure","Traveller's Tales","WB Games","Apr 5, 2022","Apr 5, 2022","Apr 5, 2022","SD   OP",""
"Lemnis Gate","First-person shooter","Ratloop Games Canada","Frontier Foundry","Sep 28, 2021","Sep 28, 2021","Sep 28, 2021","",""
"Let's School","Simulation video game","Pathea Games","Pathea Games,  PM studios","Jul 16, 2024","Jul 16, 2024","Jul 16, 2024","",""
"Lies of P","Soulslikeaction role-playing","Round 8 Studio","Neowiz","Sep 18, 2023","Sep 18, 2023","Sep 18, 2023","SD   OP",""
"Life Is Strange Remastered Collection","Adventure","Dontnod EntertainmentDeck Nine","Square Enix","2022","Feb 1, 2022","Feb 1, 2022","",""
"Life Is Strange: Double Exposure","Adventure","Deck Nine","Square Enix","Oct 29, 2024","Oct 29, 2024","Oct 29, 2024","",""
"Life Is Strange: True Colors","Adventure","Deck Nine","Square Enix","Sep 10, 2021","Sep 10, 2021","Sep 10, 2021","",""
"Like a Dragon: Infinite Wealth","Role-playing","Ryu Ga Gotoku Studio","Sega","2024","2024","2024","",""
"Like a Dragon Gaiden: The Man Who Erased His Name","Action-adventure","Ryu Ga Gotoku Studio","Sega","2023","2023","2023","",""
"Like a Dragon: Ishin!","Action-adventure","Ryu Ga Gotoku Studio","Sega","Feb 22, 2023","Feb 21, 2023","Feb 21, 2023","",""
"Lil' Guardsman","Puzzle","Hilltop Studios","Versus Evil, TinyBuild","Unreleased","Jan 23, 2024","Jan 23, 2024","",""
"Lisa: Definitive Edition","Role-playing","Dingaling Productions","Serenity Forge","Unreleased","Jul 18, 2023","Jul 18, 2023","",""
"Little Nightmares II","Puzzle-platformerSurvival horror","Tarsier Studios","Bandai Namco Entertainment","Feb 11, 2021","Feb 11, 2021","Feb 11, 2021","˄",""
"Little Nightmares III","Puzzle-platformerSurvival horror","Supermassive Games","Bandai Namco Entertainment","2025","2025","2025","",""
"Llamasoft: The Jeff Minter Story","Arcade","Digital Eclipse","Digital Eclipse","Mar 13, 2024","Mar 13, 2024","Mar 13, 2024","",""
"Looney Tunes: Wacky World of Sports","Sports","Bamtang Games","GameMill Entertainment","Sep 27, 2024","Sep 27, 2024","Sep 27, 2024","",""
"The Lord of the Rings: Gollum","Action-adventure","Daedalic Entertainment","Daedalic Entertainment","2023","2023","2023","",""
"Lost in Random","Action-adventure","Zoink","Electronic Arts","Sep 10, 2021","Sep 10, 2021","Sep 10, 2021","",""
"Lost Judgment","Action-adventure","Ryu Ga Gotoku Studio","Sega","Sep 24, 2021","Sep 24, 2021","Sep 24, 2021","",""
"Lunar Remastered Collection","Role-playing","Game Arts","GungHo Online Entertainment","2025","2025","2025","","[55]"
"Madden NFL 21","Sports","EA Tiburon","Electronic Arts","Unreleased","Dec 4, 2020","Unreleased","EN   OP   XP",""
"Madden NFL 22","Sports","EA Tiburon","Electronic Arts","Unreleased","Aug 20, 2021","Unreleased","",""
"Madden NFL 23","Sports","EA Tiburon","Electronic Arts","Unreleased","Aug 19, 2022","Unreleased","",""
"Madden NFL 24","Sports","EA Tiburon","Electronic Arts","Unreleased","Aug 18, 2023","Unreleased","",""
"Madden NFL 25","Sports","EA Tiburon","Electronic Arts","Unreleased","Aug 16, 2024","Aug 16, 2024","",""
"Maid of Sker","Survival horror","Wales Interactive","Wales Interactive","Unreleased","May 26, 2021","May 26, 2021","",""
"The Making of Karateka","Action-adventure","Digital Eclipse","Digital Eclipse","Aug 29, 2023","Aug 29, 2023","Aug 29, 2023","",""
"Maneater","Action role-playing","Tripwire InteractiveBlindside Interactive","Tripwire InteractiveDeep Silver","Nov 10, 2020","Nov 10, 2020","Nov 10, 2020","SD","[56]"
"Manifold Garden","Puzzle","William Chyr Studio","William Chyr Studio","Nov 10, 2020","Nov 10, 2020","Nov 10, 2020","SD   OP","[57]"
"Martha is Dead","Psychological horror","LKA","Wired Productions","Feb 24, 2022","Feb 24, 2022","Feb 24, 2022","SD   OP",""
"Marvel Rivals","Hero shooter","NetEase Games","NetEase Games","Dec 6, 2024","Dec 6, 2024","Dec 6, 2024","",""
"Matchpoint: Tennis Championships","Sports","Torus Games","Kalypso Media","2022","2022","2022","","[58]"
"MechWarrior 5: Mercenaries","Vehicle simulation","Piranha Games","Piranha Games","May 27, 2021","May 27, 2021","May 27, 2021","",""
"The Medium","Psychological horror","Bloober Team","Bloober Team","Jan 28, 2021","Jan 28, 2021","Jan 28, 2021","OP",""
"Metal: Hellsinger","First-person shooterrhythm","The Outriders","Funcom","Sep 15, 2022","Sep 15, 2022","Sep 15, 2022","","[59]"
"Metro Exodus Complete Edition","First-person shootersurvival horror","4A Games","Deep Silver","Jun 18, 2021","Jun 18, 2021","Jun 18, 2021","",""
"A Memoir Blue","Interactive drama","Cloisters Interactive","Annapurna Interactive","Unreleased","TBA","TBA","","[60]"
"Microsoft Flight Simulator","Amateur flight simulation","Asobo Studio","Xbox Game Studios","Jul 27, 2021","Jul 27, 2021","Jul 27, 2021","",""
"Microsoft Flight Simulator 2024","Amateur flight simulation","Asobo Studio","Xbox Game Studios","Nov 19, 2024","Nov 19, 2024","Nov 19, 2024","",""
"MLB The Show 21","Sports","San Diego Studio","Sony Interactive Entertainment","Apr 20, 2021","Apr 20, 2021","Apr 20, 2021","",""
"MLB The Show 22","Sports","San Diego Studio","Sony Interactive Entertainment","Apr 5, 2022","Apr 5, 2022","Apr 5, 2022","",""
"MLB The Show 23","Sports","San Diego Studio","Sony Interactive Entertainment","Mar 28, 2023","Mar 28, 2023","Mar 28, 2023","OP   XP",""
"MLB The Show 24","Sports","San Diego Studio","Sony Interactive Entertainment","Mar 19, 2024","Mar 19, 2024","Mar 19, 2024","",""
"Mortal Kombat 11","Fighting","NetherRealm Studios","WB Games","Unreleased","Nov 17, 2020","Nov 17, 2020","",""
"Mortal Shell: Enhanced Edition","Action role-playing","Cold Symmetry","Playstack","Unreleased","Mar 4, 2021","Mar 4, 2021","",""
"Morkredd","Puzzle","Hyper Games","Aspyr","Dec 11, 2020","Dec 11, 2020","Dec 11, 2020","",""
"Monopoly Madness","Board game","Engine Software","Ubisoft","Dec 8, 2021","Dec 9, 2021","Dec 9, 2021","",""
"Monster Boy and the Cursed Kingdom","Platform","Game Atelier","FDG Entertainment","Aug 2, 2022","Aug 2, 2022","Aug 2, 2022","",""
"Monster Energy Supercross: The Official Videogame 4","Racing","Milestone","Milestone","Mar 11, 2021","Mar 11, 2021","Mar 11, 2021","",""
"Monster Jam Showdown","Racing","Milestone","THQ Nordic","Aug 29, 2024","Aug 29, 2024","Aug 29, 2024","",""
"Monster Hunter Rise","Action role-playing","Capcom","Capcom","Jan 20, 2023","Jan 20, 2023","Jan 20, 2023","",""
"Monster Hunter Wilds","Action role-playing","Capcom","Capcom","Feb 28, 2025","Feb 28, 2025","Feb 28, 2025","",""
"Moto Roader MC","Racing","Masaya GamesShinyuden","Ratalaika Games","Feb 25, 2022","Feb 25, 2022","Feb 25, 2022","",""
"MotoGP 21","Racing","Milestone","Milestone","May 12, 2021","Apr 22, 2021","Apr 22, 2021","",""
"Moving Out 2","Actionpuzzle","DevM GamesSMG Studio","Team17","Aug 15, 2023","Aug 15, 2023","Aug 15, 2023","",""
"Mr. Driller Drill Land","Puzzle","Bandai Namco Entertainment","Bandai Namco Entertainment","Nov 4, 2021","Nov 4, 2021","Nov 4, 2021","","[61]"
"MultiVersus","Fighting","Player First Games","WB Games","2022","2022","2022","",""
"Mundaun","Adventurehorror","Hidden Fields","MVM Interactive","Mar 16, 2021","Mar 16, 2021","Mar 16, 2021","",""
"MX vs. ATV Legends","Racing","Rainbow Studios","THQ Nordic","TBA","TBA","TBA","",""
"My Time at Sandrock","Role-playing","Pathea Games","Pathea Games","2022","2022","2022","","[62]"
"NBA 2K21","Sports","Visual Concepts","2K Sports","Nov 10, 2020","Nov 10, 2020","Nov 10, 2020","",""
"NBA 2K22","Sports","Visual Concepts","2K Sports","Sep 10, 2021","Sep 10, 2021","Sep 10, 2021","",""
"NBA 2K23","Sports","Visual Concepts","2K Sports","Sep 9, 2022","Sep 9, 2022","Sep 9, 2022","",""
"NBA 2K24","Sports","Visual Concepts","2K Sports","Sep 8, 2023","Sep 8, 2023","Sep 8, 2023","",""
"NBA 2K25","Sports","Visual Concepts","2K Sports","Sep 6, 2024","Sep 6, 2024","Sep 6, 2024","",""
"Need for Speed Unbound","Racing","Criterion Games","Electronic Arts","Dec 2, 2022","Dec 2, 2022","Dec 2, 2022","",""
"Nerf Legends","First-person shooter","Fun Labs","GameMill Entertainment","Nov 18, 2021","Nov 19, 2021","Nov 19, 2021","","[63]"
"NHL 22","Sports","EA Vancouver","Electronic Arts","Oct 15, 2021","Oct 15, 2021","Oct 15, 2021","","[64]"
"NHL 23","Sports","EA Vancouver","EA Sports","Oct 14, 2022","Oct 14, 2022","Oct 14, 2022","",""
"NHL 24","Sports","EA Vancouver","EA Sports","Oct 6, 2023","Oct 6, 2023","Oct 6, 2023","",""
"NHL 25","Sports","EA Vancouver","EA Sports","Oct 4, 2023","Oct 4, 2023","Oct 4, 2023","",""
"Nickelodeon All-Star Brawl","Fighting","Fair Play LabsLudosity","NA: GameMill EntertainmentEU: Maximum Games","Unreleased","Oct 5, 2021","Oct 5, 2021","",""
"Nickelodeon All-Star Brawl 2","Fighting","Fair Play Labs","NA: GameMill EntertainmentEU: Maximum Games","Unreleased","Nov 7, 2023","Nov 7, 2023","",""
"Nickelodeon Kart Racers 3: Slime Speedway","Kart racing","Bamtang Games","NA: GameMill EntertainmentEU: Maximum Games","Unreleased","Oct 7, 2022","Oct 7, 2022","",""
"Necromunda: Hired Gun","First-person shooter","Streum On Studio","Focus Home Interactive","Unreleased","Jun 1, 2021","Jun 1, 2021","",""
"Nikoderiko: The Magical World","3D platformerAction-adventure","Vea Games","Knights Peak","Oct 2024","Oct 2024","Oct 2024",""
"Nobody Saves the World","Role-playing","Drinkbox Studios","Drinkbox Studios","Jan 18, 2022","Jan 18, 2022","Jan 18, 2022","",""
"No Man's Sky","Action-adventuresurvival","Hello Games","Hello Games","Nov 10, 2020","Nov 10, 2020","Nov 10, 2020","","[65]"
"No More Heroes III","Action-adventure","Grasshopper Manufacture","Marvelous","Oct 6, 2022","Oct 11, 2022","Oct 14, 2022","",""
"Observer: System Redux","Psychological horror","Bloober Team","Aspyr","Nov 10, 2020","Nov 10, 2020","Nov 10, 2020","",""
"OlliOlli World","Sports","Roll7","Private Division","Feb 8, 2022","Feb 8, 2022","Feb 2022","",""
"One Piece Odyssey","Role-playing","ILCA","Bandai Namco Entertainment","Jan 12, 2023","Jan 13, 2023","Jan 13, 2023","","[66]"
"Orphan of the Machine","Metroidvania","Dynamic Voltage Games","Dynamic Voltage Games","TBA","TBA","TBA","","[67]"
"Outcast 2: A New Beginning","Action-adventure","Appeal","THQ Nordic","TBA","TBA","TBA","","[68]"
"The Outer Worlds: Spacer's Choice Edition","Action role-playing","Obsidian Entertainment","Private Division","Mar 7, 2023","Mar 7, 2023","Mar 7, 2023","",""
"The Outer Worlds 2","Action role-playing","Obsidian Entertainment","Xbox Game Studios","TBA","TBA","TBA","",""
"The Outlast Trials","Survival horror","Red Barrels","Red Barrels","Mar 5, 2024","Mar 5, 2024","Mar 5, 2024","",""
"Outriders","Third-person shooter","People Can Fly","Square Enix","Apr 1, 2021","Apr 1, 2021","Apr 1, 2021","SD   OP",""
"Overcooked! All You Can Eat","Simulation","Ghost Town GamesTeam17","Team17","Nov 10, 2020","Nov 10, 2020","Nov 10, 2020","",""
"Override 2: Super Mech League","Beat 'em up","Modus Studios Brazil","Modus Games","Dec 22, 2020","Dec 22, 2020","Dec 22, 2020","",""
"Park Beyond","Construction and management simulation","Limbic Entertainment","Bandai Namco Entertainment","Jun 16, 2023","Jun 16, 2023","Jun 16, 2023","","[69]"
"Party Crasher Simulator","Simulation","Glob Games Studio","Glob Games Studio","2021","2021","2021","",""
"The Pedestrian","Puzzle-platform","Skookum Arts","Skookum Arts","Jan 4, 2022","Jan 4, 2022","Jan 4, 2022","",""
"The Persistence Enhanced","Action-adventure","Firesprite","Perp Games","Jun 24, 2021","Jun 24, 2021","Jun 24, 2021","",""
"Persona 3 Portable","Role-playing","Atlus","Sega","Jan 19, 2023","Jan 19, 2023","Jan 19, 2023","",""
"Persona 3 Reload","Role-playing","P-studio","Sega","Feb 2, 2024","Feb 2, 2024","Feb 2, 2024","",""
"Persona 4 Golden","Role-playing","Atlus","Sega","Jan 19, 2023","Jan 19, 2023","Jan 19, 2023","",""
"Persona 5 Royal","Role-playing","Atlus","Sega","Oct 21, 2022","Oct 21, 2022","Oct 21, 2022","",""
"Perfect Dark","TBA","The InitiativeCrystal Dynamics","Xbox Game Studios","TBA","TBA","TBA","",""
"Phantasy Star Online 2: New Genesis","Action role-playing","Sega","Sega","TBA","Jun 9, 2021","TBA","OP",""
"Phoenotopia: Awakening","Action-adventureMetroidvaniaPlatformer","Cape Cosmic","Flyhigh Works","Aug 25, 2021","Aug 25, 2021","Aug 25, 2021","",""
"Planet Coaster: Console Edition","Construction and management simulation","Frontier Developments","Frontier Developments","Nov 10, 2020","Nov 10, 2020","Nov 10, 2020","",""
"Planet of Lana","Platform","Wishfully Studios","Thunderful Publishing","May 23, 2023","May 23, 2023","May 23, 2023","",""
"Port Royale 4","Real-time strategy","Gaming Minds Studios","Kalypso Media","Sep 10, 2021","Sep 10, 2021","Sep 10, 2021","",""
"Pragmata","Action-adventure","Capcom","Capcom","2023","2023","2023","",""
"Psychonauts 2","3D platformerAction-adventure gameAction-adventure","Double Fine","Xbox Game Studios","Aug 25, 2021","Aug 25, 2021","Aug 25, 2021","SD   OP",""
"Puyo Puyo Tetris 2","Puzzle","Sonic Team","Sega","Dec 10, 2020","Dec 8, 2020","Dec 8, 2020","SD",""
"Quantum Error","First-person shooter","TeamKill Media","TeamKill Media","TBA","TBA","TBA","",""
"Read Only Memories: Neurodiver","Adventure","MidBoss","MidBoss","2022","2022","2022","",""
"Record of Lodoss War: Deedlit in Wonder Labyrinth","Metroidvania","Team LadybugWhy So Serious?","Playism","Dec 16, 2021","Dec 16, 2021","Dec 16, 2021","","[70]"
"Recompile","Metroidvania","Phigames","Dear Villagers","Aug 19, 2021","Aug 19, 2021","Aug 19, 2021","","[71]"
"Rec Room","Virtual world","Rec Room Inc.","Rec Room Inc.","Dec 3, 2020","Dec 3, 2020","Dec 3, 2020","XP",""
"Redfall","Tactical shooter","Arkane Studios","Bethesda Softworks","May 2, 2023","May 2, 2023","May 2, 2023","","[72]"
"Resident Evil 2","Survival horror","Capcom","Capcom","Jun 13, 2022","Jun 13, 2022","Jun 13, 2022","",""
"Resident Evil 3","Survival horror","Capcom","Capcom","Jun 13, 2022","Jun 13, 2022","Jun 13, 2022","",""
"Resident Evil 7: Biohazard","Survival horror","Capcom","Capcom","Jun 13, 2022","Jun 13, 2022","Jun 13, 2022","",""
"Resident Evil Village","Survival horror","Capcom","Capcom","May 7, 2021","May 7, 2021","May 7, 2021","",""
"Ride 4","Racing","Milestone","Milestone","Jan 21, 2021","Jan 21, 2021","Jan 21, 2021","SD   OP",""
"Ride 5","Racing","Milestone","Milestone","Aug 24, 2023","Aug 24, 2023","Aug 24, 2023","",""
"Riders Republic","Extreme sports","Ubisoft Annecy","Ubisoft","Oct 28, 2021","Oct 28, 2021","Oct 28, 2021","SD   OP","[73]"
"RiMS Racing","Racing","RaceWard Studio","Nacon","Aug 19, 2021","Aug 19, 2021","Aug 19, 2021","",""
"River City Girls 2","Beat 'em up","WayForward","Arc System Works","2022","2022","2022","","[74]"
"Road 96","Adventure","DigixArt","DigixArt","Jun 16, 2022","Apr 13, 2022","Apr 13, 2022","",""
"Roboquest","First-person shooterroguelike","RyseUp Studios","RyseUp Studios","Nov 7, 2023","Nov 7, 2023","Nov 7, 2023","","[75]"
"Roguebook","Roguelike deck-building game","Abrakam Entertainment","Nancon","Feb 24, 2022","Feb 24, 2022","Feb 24, 2022","",""
"Rogue Company","Third-person shooter","First Watch Games","Hi-Rez Studios","Nov 10, 2020","Nov 10, 2020","Nov 10, 2020","",""
"R-Type Final 2","Shoot 'em up","Granzella","JP: GranzellaWW: NIS America","Apr 29, 2021","Apr 30, 2021","Apr 30, 2021","",""
"Rugby 22","Sports","Eko Software","Nacon","Jan 2022","Jan 2022","Jan 2022","",""
"Ruined King: A League of Legends Story","Role-playing","Airship Syndicate","Riot Forge","Nov 16, 2021","Nov 16, 2021","Nov 16, 2021","","[76]"
"RWBY: Arrowfell","Metroidvania","WayForward","Arc System Works","Unreleased","2022","2022","",""
"Sable","Adventure","Shedworks","Raw Fury","Sep 23, 2021","Sep 23, 2021","Sep 23, 2021","",""
"Saints Row","Action-adventure","Volition","Deep Silver","Aug 23, 2022","Aug 23, 2022","Aug 23, 2022","",""
"Saints Row: The Third Remastered","Action-adventure","Volition","Deep Silver","May 25, 2021","May 25, 2021","May 25, 2021","",""
"Samurai Shodown","Fighting","SNK","SNK","Mar 16, 2021","Mar 16, 2021","Mar 16, 2021","",""
"Scarlet Nexus","Action role-playing","Bandai Namco Studios","Bandai Namco Entertainment","Jun 25, 2021","Jun 25, 2021","Jun 25, 2021","SD   OP","[14]"
"Scorn","First-person shooterSurvival horror","Ebb Software","Ebb Software","Oct 14, 2022","Oct 14, 2022","Oct 14, 2022","OP",""
"Scott Pilgrim vs. The World: The Game - Complete Edition","Beat 'em up","UbisoftEngine Software","Ubisoft","Jan 14, 2021","Jan 14, 2021","Jan 14, 2021","",""
"Sea of Thieves","Action-adventure","Rare","Xbox Game Studios","Mar 13, 2024","Mar 13, 2024","Mar 13, 2024","SD  PA  OP",""
"Senua's Saga: Hellblade II","Action-adventure","Ninja Theory","Xbox Game Studios","TBA","TBA","TBA","",""
"Sephonie","Puzzle-platform","Analgesic Productions","Ratalaika Games","Jul 21, 2023","Jul 21, 2023","Jul 21, 2023","","[77]"
"Serious Sam 4","First-person shooter","Croteam","Devolver Digital","Dec 7, 2021","Dec 7, 2021","Dec 7, 2021","OP",""
"Session","Sports","Crea-ture Studio","Nacon","Sep 22, 2022","Sep 22, 2022","Sep 22, 2022","",""
"Sherlock Holmes: The Awakened","Adventure","Frogwares","Frogwares","Apr 11, 2023","Apr 11, 2023","Apr 11, 2023","",""
"Sherlock Holmes: Chapter One","Adventure","Frogwares","Frogwares","Nov 16, 2021","Nov 16, 2021","Nov 16, 2021","",""
"Shredders","Sports","Foam Punch","Foam Punch","Feb 2022","Feb 2022","Feb 2022","","[78]"
"Slave Zero X","Action","Poppy Works","Ziggurat Interactive","Feb 21, 2024","Feb 21, 2024","Feb 21, 2024","",""
"Slime Rancher 2","Adventure","Monomi Park","Monomi Park","2022","2022","2022","",""
"The Smurfs: Mission Vileaf","Action-adventure","OSome Studio","Microids","Unreleased","Dec 2, 2021","Dec 2, 2021","",""
"Sniper Elite 5","Tactical shooter","Rebellion Developments","Rebellion Developments","2022","2022","2022","",""
"Sniper Ghost Warrior Contracts 2","Tactical shooterstealth","CI Games","CI Games","Jun 4, 2021","Jun 4, 2021","Jun 4, 2021","",""
"Soulstice","Action role-playing","Reply Game Studios","Modus Games","2022","2022","2022","","[79]"
"Somerville","Adventure","JumpShip","JumpShip","Nov 15, 2022","Nov 15, 2022","Nov 15, 2022","","[80]"
"Song of Iron","Action-adventure","Escape","Escape","Aug 31, 2021","Aug 31, 2021","Aug 31, 2021","",""
"Sonic Frontiers","Platform","Sonic Team","Sega","Nov 8, 2022","Nov 8, 2022","Nov 8, 2022","OP","[81]"
"Sonic Origins","Platform","Headcannon","Sega","Jun 23, 2022","Jun 23, 2022","Jun 23, 2022","",""
"Spacelords","Action-adventure","MercurySteam","MercurySteam","Nov 10, 2020","Nov 10, 2020","Nov 10, 2020","",""
"SpellForce 3 Reforced","Real-time strategyrole-playing","Grimlore Games","THQ Nordic","Dec 7, 2021","Dec 7, 2021","Dec 7, 2021","","[82]"
"Spirit of the North: Enhanced Edition","Adventure","Infuse Studio","Merge Games","2021","2021","2021","",""
"S.T.A.L.K.E.R. 2: Heart of Chornobyl","First-person shooterSurvival horror","GSC Game World","GSC Game World","Nov 20, 2024","Nov 20, 2024","Nov 20, 2024","OP",""
"State of Decay 3","Action-adventureSurvival horror","Undead Labs","Xbox Game Studios","TBA","TBA","TBA","OP",""
"SteamWorld Build","City-buildingDungeon crawl","The Station","Thunderful Publishing","Dec 1, 2023","Dec 1, 2023","Dec 1, 2023","SD   OP",""
"Starfield","Action role-playing","Bethesda Game Studios","Bethesda Softworks","Sep 6, 2023","Sep 6, 2023","Sep 6, 2023","","[72]"
"Star Ocean: The Divine Force","Action role-playing","Tri-Ace","Square Enix","Oct 27, 2022","Oct 27, 2022","Oct 27, 2022","",""
"Steelrising","Action role-playingsoulslike","Spiders","Nacon","Sep 8, 2022","Sep 8, 2022","Sep 8, 2022","",""
"Stonefly","Action-adventure","Flight School Studios","MWM Interactive","Jun 1, 2021","Jun 1, 2021","Jun 1, 2021","",""
"Stranger of Paradise: Final Fantasy Origin","Action role-playing","Team Ninja","Square Enix","Mar 18, 2022","Mar 18, 2022","Mar 18, 2022","","[83]"
"Stray Blade","Action role-playing","Point Blank","505 Games","2022","2022","2022","","[84]"
"Street Fighter 6","Fighting","Capcom","Capcom","Jun 2, 2023","Jun 2, 2023","Jun 2, 2023","",""
"Subnautica","Action-adventure","Unknown Worlds Entertainment","Gearbox Publishing","May 14, 2021","May 14, 2021","May 14, 2021","SD  PA  OP",""
"Subnautica: Below Zero","Action-adventure","Unknown Worlds Entertainment","Bandai Namco Entertainment","May 14, 2021","May 14, 2021","May 14, 2021","SD  PA  OP",""
"Suicide Squad: Kill the Justice League","Action-adventure","Rocksteady Studios","WB Games","Feb 2, 2024","Feb 2, 2024","Feb 2, 2024","",""
"Super Animal Royale","Battle royale","Pixile","Modus Games","Aug 26, 2021","Aug 26, 2021","Aug 26, 2021","","[85]"
"Super Monkey Ball: Banana Mania","Platform","Ryu Ga Gotoku Studio","Sega","Oct 7, 2021","Oct 5, 2021","Oct 5, 2021","",""
"Sword Art Online: Last Recollection","Action role-playing","Aquria","Bandai Namco Entertainment","Oct 6, 2023","Oct 6, 2023","Oct 6, 2023","",""
"Sword of the Necromancer","Roguelikerole-playing","Grimorio of Games","JanduSoft","TBA","TBA","TBA","",""
"Synduality","Third-person shooter","Bandai Namco Studios","Bandai Namco Entertainment","2023","2023","2023","",""
"Tales of Arise","Action role-playing","Bandai Namco Studios","Bandai Namco Entertainment","Sep 9, 2021","Sep 10, 2021","Sep 10, 2021","",""
"Tekken 8","Fighting","Bandai Namco StudiosArika","Bandai Namco Entertainment","Jan 26, 2024","Jan 26, 2024","Jan 26, 2024","","[86][87]"
"Temtem","MMORPG","Crema","Humble Games","Sep 6, 2022","Sep 6, 2022","Sep 6, 2022","",""
"Train Sim World 5","Simulation","Dovetail Games","Dovetail Games","Sep 17, 2024","Sep 17, 2024","Sep 17, 2024","",""
"Truck Driver: The American Dream","Simulation","Kyodai Limited","Soedesco","Unreleased","Sep 22, 2023","Unreleased","",""
"Test Drive Unlimited Solar Crown","Racing","Kylotonn","Nacon","Sep 22, 2022","Sep 22, 2022","Sep 22, 2022","",""
"Tetris Effect: Connected","Puzzle","MonstarsResonair","Enhance Games","Nov 10, 2020","Nov 10, 2020","Nov 10, 2020","SD   OP",""
"Tiny Tina's Wonderlands","Action role-playingFirst-person shooter","Gearbox Software","2K Games","Mar 25, 2022","Mar 25, 2022","Mar 25, 2022","",""
"Tom Clancy's Rainbow Six Extraction","Tactical shooter","Ubisoft Montreal","Ubisoft","Jan 20, 2022","Jan 20, 2022","Jan 20, 2022","",""
"Tom Clancy's Rainbow Six Siege","Tactical shooter","Ubisoft Montreal","Ubisoft","Dec 1, 2020","Dec 1, 2020","Dec 1, 2020","",""
"Tomb Raider I–III Remastered","Action-adventure","Aspyr","Aspyr","Feb 14, 2024","Feb 14, 2024","Feb 14, 2024","",""
"Tony Hawk's Pro Skater 1 + 2","Sports","Vicarious Visions","Activision","Mar 26, 2021","Mar 26, 2021","Mar 26, 2021","",""
"TopSpin 2K25","Sports","Hangar 13","2K","Apr 26, 2024","Apr 26, 2024","Apr 26, 2024","",""
"Tormented Souls","Survival horror","Dual EffectAbstract Digital","PQube","Sep 7, 2021","Sep 7, 2021","Sep 7, 2021","",""
"The Touryst","Action-adventure","Shin'en Multimedia","Shin'en Multimedia","Nov 10, 2020","Nov 10, 2020","Nov 10, 2020","SD   OP",""
"Trifox","Action-adventure","Glowfish Interactive","Big Sugar","2022","2022","2022","","[88]"
"Tropico 6","Simulation","Limbic Entertainment","Kalypso Media","Mar 31, 2022","Mar 31, 2022","Mar 31, 2022","",""
"Trek to Yomi","Action-adventure","Flying Wild Hog","Devolver Digital","2022","2022","2022","","[89]"
"Tunic","Action-adventure","Isometricorp Games","Finiji","Mar 16, 2022","Mar 16, 2022","Mar 16, 2022","",""
"Twelve Minutes","Adventure","Luis Antonio","Annapurna Interactive","Aug 19, 2021","Aug 19, 2021","Aug 19, 2021","",""
"Two Point Campus","Business simulation","Two Point Studios","Sega","Aug 9, 2022","Aug 9, 2022","Aug 9, 2022","",""
"Two Point Museum","Business simulation","Two Point Studios","Sega","Mar 4, 2025","Mar 4, 2025","Mar 4, 2025","",""
"Ultimate Fishing Simulator 2","Sports","Ultimate Games","Ultimate Games","TBA","TBA","TBA","","[90]"
"Undisputed","Sports","Steel City Interactive","Deep Silver","Oct 11, 2024","Oct 11, 2024","Oct 11, 2024","",""
"Unexplored 2: The Wayfarer's Legacy","Roguelike","Ludomotion","Ludomotion","Unreleased","Jun 3, 2022","Jun 3, 2022","","[91]"
"Unicorn Overlord","Tactical role-playing","Vanillaware","Atlus","TBA","TBA","TBA","",""
"Unknown 9: Awakening","Action-adventure","Reflector Entertainment","TBA","2021","2021","2021","","[92]"
"Vampire: The Masquerade – Bloodlines 2","Action-adventure","Hardsuit Labs","Paradox Interactive","TBA","TBA","TBA","SD   OP",""
"Vampire: The Masquerade – Swansong","Action role-playing","Big Bad Wolf","Nacon","May 19, 2022","May 19, 2022","May 19, 2022","",""
"Visions of Mana","Action role-playing","Ouka Studios","Square Enix","Jul 29, 2024","Sep 30, 2024","Sep 30, 2024","",""
"Warframe","Third-person shooter","Digital Extremes","Digital Extremes","Apr 14, 2021","Apr 14, 2021","Apr 14, 2021","",""
"Warhammer: Chaosbane","Action role-playingHack and slash","Eko Software","Bigben Interactive","Nov 10, 2020","Nov 10, 2020","Nov 10, 2020","",""
"Warhammer 40,000: Battlesector","Turn-based tactics","Black Lab Games","Slitherine Software","Unreleased","Dec 2, 2021","Dec 2, 2021","","[93]"
"Warhammer 40,000: Darktide","Action","Fatshark","Fatshark","TBA","TBA","TBA","OP",""
"Warhammer 40,000: Shootas, Blood and Teef","Run and gun","Rogueside","Rogueside","2022","2022","2022","",""
"War Mongrels","Real-time tactics","Destructive Creations","All In! Games","2021","2021","2021","",""
"War Thunder","Actionvehicular combatcombat flight simulator","Gaijin Entertainment","Gaijin Entertainment","TBA","TBA","TBA","","[94]"
"Watch Dogs: Legion","Action-adventure","Ubisoft Toronto","Ubisoft","Nov 10, 2020","Nov 10, 2020","Nov 10, 2020","SD   OP",""
"Werewolf: The Apocalypse – Earthblood","Action role-playing","Cyanide","Nacon","TBA","Feb 4, 2021","Feb 4, 2021","",""
"Wild Hearts","Action","Omega Force","Electronic Arts","Feb 17, 2023","Feb 17, 2023","Feb 17, 2023","",""
"The Witcher 3: Wild Hunt","Action role-playing","CD Projekt Red","CD Projekt","Dec 14, 2022","Dec 14, 2022","Dec 14, 2022","SD   OP",""
"Wo Long: Fallen Dynasty","Action role-playing","Team Ninja","Koei Tecmo","Mar 3, 2023","Mar 3, 2023","Mar 3, 2023","",""
"Worms Rumble","Actionbattle royale","Team17","Team17","June 23, 2021","June 23, 2021","June 23, 2021","",""
"WRC 9","Racing","Kylotonn","Nacon","Nov 10, 2020","Nov 10, 2020","Nov 10, 2020","SD   OP",""
"WRC 10","Racing","Kylotonn","Nacon","Sep 2, 2021","Sep 2, 2021","Sep 2, 2021","",""
"Wreckfest","Vehicular combatracing","Bugbear Entertainment","THQ Nordic","May 4, 2021","May 4, 2021","May 4, 2021","",""
"WWE 2K22","Sports","Visual Concepts","2K","Mar 11, 2022","Mar 11, 2022","Mar 11, 2022","",""
"WWE 2K23","Sports","Visual Concepts","2K","Mar 17, 2023","Mar 17, 2023","Mar 17, 2023","",""
"WWE 2K24","Sports","Visual Concepts","2K","Mar 8, 2024","Mar 8, 2024","Mar 8, 2024","",""
"Yakuza: Like a Dragon","Role-playing","Ryu Ga Gotoku Studio","Sega","Feb 25, 2021","Nov 10, 2020","Nov 10, 2020","SD   OP",""
"Yes, Your Grace","Role-playingstrategy","Brave at Night","No More Robots","Nov 10, 2020","Nov 10, 2020","Nov 10, 2020","SD",""
"Yu-Gi-Oh! Master Duel","Card battle","Konami","Konami","Jan 18, 2022","Jan 18, 2022","Jan 18, 2022","XP   SD   OP",""
"Yuoni","Survival horror","Tricore","Chorus Worldwide","Aug 19, 2021","Aug 19, 2021","Aug 19, 2021","",""